"DT_GERACAO";"HH_GERACAO";"ANO_ELEICAO";"CD_TIPO_ELEICAO";"NM_TIPO_ELEICAO";"NR_TURNO";"CD_ELEICAO";"DS_ELEICAO";"DT_ELEICAO";"TP_ABRANGENCIA";"SG_UF";"SG_UE";"NM_UE";"CD_MUNICIPIO";"NM_MUNICIPIO";"NR_ZONA";"CD_CARGO";"DS_CARGO";"SQ_CANDIDATO";"NR_CANDIDATO";"NM_CANDIDATO";"NM_URNA_CANDIDATO";"NM_SOCIAL_CANDIDATO";"CD_SITUACAO_CANDIDATURA";"DS_SITUACAO_CANDIDATURA";"CD_DETALHE_SITUACAO_CAND";"DS_DETALHE_SITUACAO_CAND";"CD_SITUACAO_JULGAMENTO";"DS_SITUACAO_JULGAMENTO";"CD_SITUACAO_CASSACAO";"DS_SITUACAO_CASSACAO";"CD_SITUACAO_DCONST_DIPLOMA";"DS_SITUACAO_DCONST_DIPLOMA";"TP_AGREMIACAO";"NR_PARTIDO";"SG_PARTIDO";"NM_PARTIDO";"NR_FEDERACAO";"NM_FEDERACAO";"SG_FEDERACAO";"DS_COMPOSICAO_FEDERACAO";"SQ_COLIGACAO";"NM_COLIGACAO";"DS_COMPOSICAO_COLIGACAO";"ST_VOTO_EM_TRANSITO";"QT_VOTOS_NOMINAIS";"NM_TIPO_DESTINACAO_VOTOS";"QT_VOTOS_NOMINAIS_VALIDOS";"CD_SIT_TOT_TURNO";"DS_SIT_TOT_TURNO"
"06/01/2026";"16:45:04";2020;2;"Eleição Ordinária";1;426;"ELEIÇÕES MUNICIPAIS 2020";"15/11/2020";"M";"ES";"56057";"ALFREDO CHAVES";56057;"ALFREDO CHAVES";12;13;"Vereador";80000683168;14300;"ANDRE ALMONFREY ORLANDI";"ANDRÉ ORLANDI";"#NULO";12;"APTO";2;"DEFERIDO";-3;"#NE";-3;"#NE";-3;"#NE";"PARTIDO ISOLADO";14;"PTB";"Partido Trabalhista Brasileiro";-1;"#NULO#";"#NULO#";"#NULO#";80000062328;"PARTIDO ISOLADO";"PTB";"N";104;"Válido";104;5;"SUPLENTE"
"06/01/2026";"16:45:04";2020;2;"Eleição Ordinária";1;426;"ELEIÇÕES MUNICIPAIS 2020";"15/11/2020";"M";"ES";"56057";"ALFREDO CHAVES";56057;"ALFREDO CHAVES";12;13;"Vereador";80000683175;14222;"JOSIMAR PIUMBINI";"JOSIMAR PIUMBINI";"#NULO";12;"APTO";2;"DEFERIDO";-3;"#NE";-3;"#NE";-3;"#NE";"PARTIDO ISOLADO";14;"PTB";"Partido Trabalhista Brasileiro";-1;"#NULO#";"#NULO#";"#NULO#";80000062328;"PARTIDO ISOLADO";"PTB";"N";301;"Válido";301;5;"SUPLENTE"
"06/01/2026";"16:45:04";2020;2;"Eleição Ordinária";1;426;"ELEIÇÕES MUNICIPAIS 2020";"15/11/2020";"M";"ES";"56057";"ALFREDO CHAVES";56057;"ALFREDO CHAVES";12;13;"Vereador";80000683176;14455;"MIGUEL ANTONIO MARTINS CLEN";"MIGUEL CLEN";"#NULO";12;"APTO";2;"DEFERIDO";-3;"#NE";-3;"#NE";-3;"#NE";"PARTIDO ISOLADO";14;"PTB";"Partido Trabalhista Brasileiro";-1;"#NULO#";"#NULO#";"#NULO#";80000062328;"PARTIDO ISOLADO";"PTB";"N";62;"Válido";62;5;"SUPLENTE"
"06/01/2026";"16:45:04";2020;2;"Eleição Ordinária";1;426;"ELEIÇÕES MUNICIPAIS 2020";"15/11/2020";"M";"ES";"56057";"ALFREDO CHAVES";56057;"ALFREDO CHAVES";12;13;"Vereador";80000683170;14888;"ANTONIETA PETRI DE ALMEIDA";"ANTONIETA PETRI";"#NULO";12;"APTO";2;"DEFERIDO";-3;"#NE";-3;"#NE";-3;"#NE";"PARTIDO ISOLADO";14;"PTB";"Partido Trabalhista Brasileiro";-1;"#NULO#";"#NULO#";"#NULO#";80000062328;"PARTIDO ISOLADO";"PTB";"N";8;"Válido";8;5;"SUPLENTE"
"06/01/2026";"16:45:04";2020;2;"Eleição Ordinária";1;426;"ELEIÇÕES MUNICIPAIS 2020";"15/11/2020";"M";"ES";"56057";"ALFREDO CHAVES";56057;"ALFREDO CHAVES";12;13;"Vereador";80000683177;14444;"ZALUAR IGREJA ROSA DA SILVA";"ZALUAR IGREJA";"#NULO";12;"APTO";2;"DEFERIDO";-3;"#NE";-3;"#NE";-3;"#NE";"PARTIDO ISOLADO";14;"PTB";"Partido Trabalhista Brasileiro";-1;"#NULO#";"#NULO#";"#NULO#";80000062328;"PARTIDO ISOLADO";"PTB";"N";61;"Válido";61;5;"SUPLENTE"
"06/01/2026";"16:45:04";2020;2;"Eleição Ordinária";1;426;"ELEIÇÕES MUNICIPAIS 2020";"15/11/2020";"M";"ES";"56057";"ALFREDO CHAVES";56057;"ALFREDO CHAVES";12;13;"Vereador";80000683171;14999;"HELENA MARIA FIORIN FAVERO";"LENA FIORIN";"#NULO";12;"APTO";2;"DEFERIDO";-3;"#NE";-3;"#NE";-3;"#NE";"PARTIDO ISOLADO";14;"PTB";"Partido Trabalhista Brasileiro";-1;"#NULO#";"#NULO#";"#NULO#";80000062328;"PARTIDO ISOLADO";"PTB";"N";46;"Válido";46;5;"SUPLENTE"
"06/01/2026";"16:45:04";2020;2;"Eleição Ordinária";1;426;"ELEIÇÕES MUNICIPAIS 2020";"15/11/2020";"M";"ES";"56057";"ALFREDO CHAVES";56057;"ALFREDO CHAVES";12;13;"Vereador";80000683179;14789;"SARAH ALVES DE OLIVEIRA";"SARAH ALVES";"#NULO";12;"APTO";2;"DEFERIDO";-3;"#NE";-3;"#NE";-3;"#NE";"PARTIDO ISOLADO";14;"PTB";"Partido Trabalhista Brasileiro";-1;"#NULO#";"#NULO#";"#NULO#";80000062328;"PARTIDO ISOLADO";"PTB";"N";3;"Válido";3;5;"SUPLENTE"
"06/01/2026";"16:45:04";2020;2;"Eleição Ordinária";1;426;"ELEIÇÕES MUNICIPAIS 2020";"15/11/2020";"M";"ES";"56057";"ALFREDO CHAVES";56057;"ALFREDO CHAVES";12;13;"Vereador";80000683178;14400;"JORGE PEDRO FIORIN";"JORGE FIORIN";"#NULO";12;"APTO";2;"DEFERIDO";-3;"#NE";-3;"#NE";-3;"#NE";"PARTIDO ISOLADO";14;"PTB";"Partido Trabalhista Brasileiro";-1;"#NULO#";"#NULO#";"#NULO#";80000062328;"PARTIDO ISOLADO";"PTB";"N";3;"Válido";3;5;"SUPLENTE"
"06/01/2026";"16:45:04";2020;2;"Eleição Ordinária";1;426;"ELEIÇÕES MUNICIPAIS 2020";"15/11/2020";"M";"ES";"56057";"ALFREDO CHAVES";56057;"ALFREDO CHAVES";12;13;"Vereador";80000683169;14555;"LUIZ GONZAGA CIBIN";"LUIZ CIBIN";"#NULO";12;"APTO";2;"DEFERIDO";-3;"#NE";-3;"#NE";-3;"#NE";"PARTIDO ISOLADO";14;"PTB";"Partido Trabalhista Brasileiro";-1;"#NULO#";"#NULO#";"#NULO#";80000062328;"PARTIDO ISOLADO";"PTB";"N";121;"Válido";121;5;"SUPLENTE"
"06/01/2026";"16:45:04";2020;2;"Eleição Ordinária";1;426;"ELEIÇÕES MUNICIPAIS 2020";"15/11/2020";"M";"ES";"56057";"ALFREDO CHAVES";56057;"ALFREDO CHAVES";12;13;"Vereador";80000683180;14000;"VALENTIM CARDOSO";"VALENTIM CARDOSO";"#NULO";12;"APTO";2;"DEFERIDO";-3;"#NE";-3;"#NE";-3;"#NE";"PARTIDO ISOLADO";14;"PTB";"Partido Trabalhista Brasileiro";-1;"#NULO#";"#NULO#";"#NULO#";80000062328;"PARTIDO ISOLADO";"PTB";"N";168;"Válido";168;5;"SUPLENTE"
"06/01/2026";"16:45:04";2020;2;"Eleição Ordinária";1;426;"ELEIÇÕES MUNICIPAIS 2020";"15/11/2020";"M";"ES";"56057";"ALFREDO CHAVES";56057;"ALFREDO CHAVES";12;13;"Vereador";80000683172;14456;"MARCOS ANTONIO SOARES DOS SANTOS";"NEGUINHO";"#NULO";12;"APTO";2;"DEFERIDO";-3;"#NE";-3;"#NE";-3;"#NE";"PARTIDO ISOLADO";14;"PTB";"Partido Trabalhista Brasileiro";-1;"#NULO#";"#NULO#";"#NULO#";80000062328;"PARTIDO ISOLADO";"PTB";"N";116;"Válido";116;5;"SUPLENTE"
"06/01/2026";"16:45:04";2020;2;"Eleição Ordinária";1;426;"ELEIÇÕES MUNICIPAIS 2020";"15/11/2020";"M";"ES";"56057";"ALFREDO CHAVES";56057;"ALFREDO CHAVES";12;13;"Vereador";80000683173;14777;"MARIA LUCIA GOMES TEIXEIRA";"MARIA LÚCIA";"#NULO";12;"APTO";2;"DEFERIDO";-3;"#NE";-3;"#NE";-3;"#NE";"PARTIDO ISOLADO";14;"PTB";"Partido Trabalhista Brasileiro";-1;"#NULO#";"#NULO#";"#NULO#";80000062328;"PARTIDO ISOLADO";"PTB";"N";15;"Válido";15;5;"SUPLENTE"
"06/01/2026";"16:45:04";2020;2;"Eleição Ordinária";1;426;"ELEIÇÕES MUNICIPAIS 2020";"15/11/2020";"M";"ES";"56057";"ALFREDO CHAVES";56057;"ALFREDO CHAVES";12;13;"Vereador";80000682931;10345;"ARMANDO ZANATA INGLE RIBEIRO";"ZANATA";"#NULO";12;"APTO";2;"DEFERIDO";-3;"#NE";-3;"#NE";-3;"#NE";"PARTIDO ISOLADO";10;"REPUBLICANOS";"REPUBLICANOS";-1;"#NULO#";"#NULO#";"#NULO#";80000062230;"PARTIDO ISOLADO";"REPUBLICANOS";"N";193;"Válido";193;2;"ELEITO POR QP"
"06/01/2026";"16:45:04";2020;2;"Eleição Ordinária";1;426;"ELEIÇÕES MUNICIPAIS 2020";"15/11/2020";"M";"ES";"56057";"ALFREDO CHAVES";56057;"ALFREDO CHAVES";12;11;"Prefeito";80000682642;10;"RONALDO BIANCHI";"RONALDO BIANCHI";"#NULO";12;"APTO";2;"DEFERIDO";-3;"#NE";-3;"#NE";-3;"#NE";"COLIGAÇÃO";10;"REPUBLICANOS";"REPUBLICANOS";-1;"#NULO#";"#NULO#";"#NULO#";80000062156;"MUDANÇA COM TRANSPARÊNCIA ";"PTB / REPUBLICANOS / PATRIOTA";"N";3681;"Válido";3681;4;"NÃO ELEITO"
"06/01/2026";"16:45:04";2020;2;"Eleição Ordinária";1;426;"ELEIÇÕES MUNICIPAIS 2020";"15/11/2020";"M";"ES";"56057";"ALFREDO CHAVES";56057;"ALFREDO CHAVES";12;13;"Vereador";80000666562;40999;"EMILIA DAS GRAÇAS ALVES PADILHA DOMINGUES";"EMILIA PADILHA";"#NULO";12;"APTO";2;"DEFERIDO";-3;"#NE";-3;"#NE";-3;"#NE";"PARTIDO ISOLADO";40;"PSB";"Partido Socialista Brasileiro";-1;"#NULO#";"#NULO#";"#NULO#";80000059654;"PARTIDO ISOLADO";"PSB";"N";84;"Válido";84;5;"SUPLENTE"
"06/01/2026";"16:45:04";2020;2;"Eleição Ordinária";1;426;"ELEIÇÕES MUNICIPAIS 2020";"15/11/2020";"M";"ES";"56057";"ALFREDO CHAVES";56057;"ALFREDO CHAVES";12;13;"Vereador";80000666565;40777;"SERGIO DA SILVA BARROS";"SERGIO BARROS";"#NULO";12;"APTO";2;"DEFERIDO";-3;"#NE";-3;"#NE";-3;"#NE";"PARTIDO ISOLADO";40;"PSB";"Partido Socialista Brasileiro";-1;"#NULO#";"#NULO#";"#NULO#";80000059654;"PARTIDO ISOLADO";"PSB";"N";184;"Válido";184;5;"SUPLENTE"
"06/01/2026";"16:45:04";2020;2;"Eleição Ordinária";1;426;"ELEIÇÕES MUNICIPAIS 2020";"15/11/2020";"M";"ES";"56057";"ALFREDO CHAVES";56057;"ALFREDO CHAVES";12;13;"Vereador";80000666557;40147;"ARLETE MARIA MOCELIM NATAL";"ARLETE MOCELIN NATAL";"#NULO";12;"APTO";2;"DEFERIDO";-3;"#NE";-3;"#NE";-3;"#NE";"PARTIDO ISOLADO";40;"PSB";"Partido Socialista Brasileiro";-1;"#NULO#";"#NULO#";"#NULO#";80000059654;"PARTIDO ISOLADO";"PSB";"N";37;"Válido";37;5;"SUPLENTE"
"06/01/2026";"16:45:04";2020;2;"Eleição Ordinária";1;426;"ELEIÇÕES MUNICIPAIS 2020";"15/11/2020";"M";"ES";"56057";"ALFREDO CHAVES";56057;"ALFREDO CHAVES";12;13;"Vereador";80000666566;40222;"ROSANA MARIA CARDOSO TAVARES";"ROSANA TAVARES";"#NULO";12;"APTO";2;"DEFERIDO";-3;"#NE";-3;"#NE";-3;"#NE";"PARTIDO ISOLADO";40;"PSB";"Partido Socialista Brasileiro";-1;"#NULO#";"#NULO#";"#NULO#";80000059654;"PARTIDO ISOLADO";"PSB";"N";38;"Válido";38;5;"SUPLENTE"
"06/01/2026";"16:45:04";2020;2;"Eleição Ordinária";1;426;"ELEIÇÕES MUNICIPAIS 2020";"15/11/2020";"M";"ES";"56057";"ALFREDO CHAVES";56057;"ALFREDO CHAVES";12;13;"Vereador";80000666568;40123;"CLEOMIR GOBBI BUBACK";"CLEOMIR BUBACK";"#NULO";12;"APTO";2;"DEFERIDO";-3;"#NE";-3;"#NE";-3;"#NE";"PARTIDO ISOLADO";40;"PSB";"Partido Socialista Brasileiro";-1;"#NULO#";"#NULO#";"#NULO#";80000059654;"PARTIDO ISOLADO";"PSB";"N";100;"Válido";100;5;"SUPLENTE"
"06/01/2026";"16:45:04";2020;2;"Eleição Ordinária";1;426;"ELEIÇÕES MUNICIPAIS 2020";"15/11/2020";"M";"ES";"56057";"ALFREDO CHAVES";56057;"ALFREDO CHAVES";12;13;"Vereador";80000666559;40333;"JAQUELINE FRANZOTTI DA SILVA";"JAQUELINE FRANZOTTI";"#NULO";12;"APTO";2;"DEFERIDO";-3;"#NE";-3;"#NE";-3;"#NE";"PARTIDO ISOLADO";40;"PSB";"Partido Socialista Brasileiro";-1;"#NULO#";"#NULO#";"#NULO#";80000059654;"PARTIDO ISOLADO";"PSB";"N";115;"Válido";115;5;"SUPLENTE"
"06/01/2026";"16:45:04";2020;2;"Eleição Ordinária";1;426;"ELEIÇÕES MUNICIPAIS 2020";"15/11/2020";"M";"ES";"56057";"ALFREDO CHAVES";56057;"ALFREDO CHAVES";12;13;"Vereador";80000666558;40321;"GILSON LUIZ BELLON";"GILSON BELLON";"#NULO";12;"APTO";2;"DEFERIDO";-3;"#NE";-3;"#NE";-3;"#NE";"PARTIDO ISOLADO";40;"PSB";"Partido Socialista Brasileiro";-1;"#NULO#";"#NULO#";"#NULO#";80000059654;"PARTIDO ISOLADO";"PSB";"N";239;"Válido";239;5;"SUPLENTE"
"06/01/2026";"16:45:04";2020;2;"Eleição Ordinária";1;426;"ELEIÇÕES MUNICIPAIS 2020";"15/11/2020";"M";"ES";"56057";"ALFREDO CHAVES";56057;"ALFREDO CHAVES";12;13;"Vereador";80000666556;40666;"DANIEL ORLANDI";"DANIEL ORLANDI";"#NULO";12;"APTO";2;"DEFERIDO";-3;"#NE";-3;"#NE";-3;"#NE";"PARTIDO ISOLADO";40;"PSB";"Partido Socialista Brasileiro";-1;"#NULO#";"#NULO#";"#NULO#";80000059654;"PARTIDO ISOLADO";"PSB";"N";310;"Válido";310;5;"SUPLENTE"
"06/01/2026";"16:45:04";2020;2;"Eleição Ordinária";1;426;"ELEIÇÕES MUNICIPAIS 2020";"15/11/2020";"M";"ES";"56057";"ALFREDO CHAVES";56057;"ALFREDO CHAVES";12;11;"Prefeito";80000680338;40;"FERNANDO VIDEIRA LAFAYETTE";"DR FERNANDO";"#NULO";12;"APTO";2;"DEFERIDO";-3;"#NE";-3;"#NE";-3;"#NE";"COLIGAÇÃO";40;"PSB";"Partido Socialista Brasileiro";-1;"#NULO#";"#NULO#";"#NULO#";80000061559;"RECONSTRUÇÃO COM SERIEDADE";"PP / PSL / PODE / CIDADANIA / DEM / PSB / PSDB";"N";5196;"Válido";5196;1;"ELEITO"
"06/01/2026";"16:45:04";2020;2;"Eleição Ordinária";1;426;"ELEIÇÕES MUNICIPAIS 2020";"15/11/2020";"M";"ES";"56057";"ALFREDO CHAVES";56057;"ALFREDO CHAVES";12;13;"Vereador";80000666569;40555;"DULCIANE BRUNORO ESTEVES";"DULCIANE BRUNORO";"#NULO";12;"APTO";2;"DEFERIDO";-3;"#NE";-3;"#NE";-3;"#NE";"PARTIDO ISOLADO";40;"PSB";"Partido Socialista Brasileiro";-1;"#NULO#";"#NULO#";"#NULO#";80000059654;"PARTIDO ISOLADO";"PSB";"N";8;"Válido";8;5;"SUPLENTE"
"06/01/2026";"16:45:04";2020;2;"Eleição Ordinária";1;426;"ELEIÇÕES MUNICIPAIS 2020";"15/11/2020";"M";"ES";"56057";"ALFREDO CHAVES";56057;"ALFREDO CHAVES";12;13;"Vereador";80000666563;40400;"MARCELO CRISTIANO CARDOSO FARIA";"CRISTIANO POLICIAL";"#NULO";12;"APTO";2;"DEFERIDO";-3;"#NE";-3;"#NE";-3;"#NE";"PARTIDO ISOLADO";40;"PSB";"Partido Socialista Brasileiro";-1;"#NULO#";"#NULO#";"#NULO#";80000059654;"PARTIDO ISOLADO";"PSB";"N";296;"Válido";296;5;"SUPLENTE"
"06/01/2026";"16:45:04";2020;2;"Eleição Ordinária";1;426;"ELEIÇÕES MUNICIPAIS 2020";"15/11/2020";"M";"ES";"56057";"ALFREDO CHAVES";56057;"ALFREDO CHAVES";12;13;"Vereador";80000666642;45888;"CARLOS ALBERTO FRANÇA";"FRANÇA";"#NULO";12;"APTO";2;"DEFERIDO";-3;"#NE";-3;"#NE";-3;"#NE";"PARTIDO ISOLADO";45;"PSDB";"Partido da Social Democracia Brasileira";-1;"#NULO#";"#NULO#";"#NULO#";80000059662;"PARTIDO ISOLADO";"PSDB";"N";4;"Válido";4;5;"SUPLENTE"
"06/01/2026";"16:45:04";2020;2;"Eleição Ordinária";1;426;"ELEIÇÕES MUNICIPAIS 2020";"15/11/2020";"M";"ES";"56057";"ALFREDO CHAVES";56057;"ALFREDO CHAVES";12;13;"Vereador";80000666650;45222;"OSNEIA JOSE ALVES CARDOSO";"OSNEIA";"#NULO";12;"APTO";2;"DEFERIDO";-3;"#NE";-3;"#NE";-3;"#NE";"PARTIDO ISOLADO";45;"PSDB";"Partido da Social Democracia Brasileira";-1;"#NULO#";"#NULO#";"#NULO#";80000059662;"PARTIDO ISOLADO";"PSDB";"N";32;"Válido";32;5;"SUPLENTE"
"06/01/2026";"16:45:04";2020;2;"Eleição Ordinária";1;426;"ELEIÇÕES MUNICIPAIS 2020";"15/11/2020";"M";"ES";"56057";"ALFREDO CHAVES";56057;"ALFREDO CHAVES";12;13;"Vereador";80000666651;45678;"ADIMAR DE SOUZA MEDINA";"MINEIRO";"#NULO";12;"APTO";2;"DEFERIDO";-3;"#NE";-3;"#NE";-3;"#NE";"PARTIDO ISOLADO";45;"PSDB";"Partido da Social Democracia Brasileira";-1;"#NULO#";"#NULO#";"#NULO#";80000059662;"PARTIDO ISOLADO";"PSDB";"N";69;"Válido";69;5;"SUPLENTE"
"06/01/2026";"16:45:04";2020;2;"Eleição Ordinária";1;426;"ELEIÇÕES MUNICIPAIS 2020";"15/11/2020";"M";"ES";"56057";"ALFREDO CHAVES";56057;"ALFREDO CHAVES";12;13;"Vereador";80000666645;45000;"JONAS NUNES SIMÕES";"JONAS DO RAIO X";"#NULO";12;"APTO";2;"DEFERIDO";-3;"#NE";-3;"#NE";-3;"#NE";"PARTIDO ISOLADO";45;"PSDB";"Partido da Social Democracia Brasileira";-1;"#NULO#";"#NULO#";"#NULO#";80000059662;"PARTIDO ISOLADO";"PSDB";"N";286;"Válido";286;5;"SUPLENTE"
"06/01/2026";"16:45:04";2020;2;"Eleição Ordinária";1;426;"ELEIÇÕES MUNICIPAIS 2020";"15/11/2020";"M";"ES";"56057";"ALFREDO CHAVES";56057;"ALFREDO CHAVES";12;13;"Vereador";80000666644;45255;"RAYANE TOMAZINI BRESSANELLI";"PROFESSORA RAYANE";"#NULO";12;"APTO";2;"DEFERIDO";-3;"#NE";-3;"#NE";-3;"#NE";"PARTIDO ISOLADO";45;"PSDB";"Partido da Social Democracia Brasileira";-1;"#NULO#";"#NULO#";"#NULO#";80000059662;"PARTIDO ISOLADO";"PSDB";"N";76;"Válido";76;5;"SUPLENTE"
"06/01/2026";"16:45:04";2020;2;"Eleição Ordinária";1;426;"ELEIÇÕES MUNICIPAIS 2020";"15/11/2020";"M";"ES";"56057";"ALFREDO CHAVES";56057;"ALFREDO CHAVES";12;13;"Vereador";80000666646;45369;"DORLEI BRANDY NASCIMENTO";"DORLEI";"#NULO";12;"APTO";2;"DEFERIDO";-3;"#NE";-3;"#NE";-3;"#NE";"PARTIDO ISOLADO";45;"PSDB";"Partido da Social Democracia Brasileira";-1;"#NULO#";"#NULO#";"#NULO#";80000059662;"PARTIDO ISOLADO";"PSDB";"N";13;"Válido";13;5;"SUPLENTE"
"06/01/2026";"16:45:04";2020;2;"Eleição Ordinária";1;426;"ELEIÇÕES MUNICIPAIS 2020";"15/11/2020";"M";"ES";"56057";"ALFREDO CHAVES";56057;"ALFREDO CHAVES";12;13;"Vereador";80000666654;45321;"VALDIRENE BRANDÃO ANDRADE SÓRIO";"VALDIRENE BRANDÃO";"#NULO";12;"APTO";2;"DEFERIDO";-3;"#NE";-3;"#NE";-3;"#NE";"PARTIDO ISOLADO";45;"PSDB";"Partido da Social Democracia Brasileira";-1;"#NULO#";"#NULO#";"#NULO#";80000059662;"PARTIDO ISOLADO";"PSDB";"N";62;"Válido";62;5;"SUPLENTE"
"06/01/2026";"16:45:04";2020;2;"Eleição Ordinária";1;426;"ELEIÇÕES MUNICIPAIS 2020";"15/11/2020";"M";"ES";"56057";"ALFREDO CHAVES";56057;"ALFREDO CHAVES";12;13;"Vereador";80000666648;45123;"ORLY PEREIRA";"LILI";"#NULO";12;"APTO";2;"DEFERIDO";-3;"#NE";-3;"#NE";-3;"#NE";"PARTIDO ISOLADO";45;"PSDB";"Partido da Social Democracia Brasileira";-1;"#NULO#";"#NULO#";"#NULO#";80000059662;"PARTIDO ISOLADO";"PSDB";"N";68;"Válido";68;5;"SUPLENTE"
"06/01/2026";"16:45:04";2020;2;"Eleição Ordinária";1;426;"ELEIÇÕES MUNICIPAIS 2020";"15/11/2020";"M";"ES";"56057";"ALFREDO CHAVES";56057;"ALFREDO CHAVES";12;13;"Vereador";80000666647;45789;"JUSCELINO SERAFIN";"JUSCELINO SERAFIN";"#NULO";12;"APTO";2;"DEFERIDO";-3;"#NE";-3;"#NE";-3;"#NE";"PARTIDO ISOLADO";45;"PSDB";"Partido da Social Democracia Brasileira";-1;"#NULO#";"#NULO#";"#NULO#";80000059662;"PARTIDO ISOLADO";"PSDB";"N";138;"Válido";138;5;"SUPLENTE"
"06/01/2026";"16:45:04";2020;2;"Eleição Ordinária";1;426;"ELEIÇÕES MUNICIPAIS 2020";"15/11/2020";"M";"ES";"56057";"ALFREDO CHAVES";56057;"ALFREDO CHAVES";12;13;"Vereador";80000666652;45333;"DIEYSON GONÇALVES DA ROSA";"DYESON  DOS CAVALOS";"#NULO";12;"APTO";2;"DEFERIDO";-3;"#NE";-3;"#NE";-3;"#NE";"PARTIDO ISOLADO";45;"PSDB";"Partido da Social Democracia Brasileira";-1;"#NULO#";"#NULO#";"#NULO#";80000059662;"PARTIDO ISOLADO";"PSDB";"N";45;"Válido";45;5;"SUPLENTE"
"06/01/2026";"16:45:04";2020;2;"Eleição Ordinária";1;426;"ELEIÇÕES MUNICIPAIS 2020";"15/11/2020";"M";"ES";"56057";"ALFREDO CHAVES";56057;"ALFREDO CHAVES";12;13;"Vereador";80000666649;45777;"GUILHERME CARLOS CETTO VITOR";"GUILHERME CETTO";"#NULO";12;"APTO";2;"DEFERIDO";-3;"#NE";-3;"#NE";-3;"#NE";"PARTIDO ISOLADO";45;"PSDB";"Partido da Social Democracia Brasileira";-1;"#NULO#";"#NULO#";"#NULO#";80000059662;"PARTIDO ISOLADO";"PSDB";"N";35;"Válido";35;5;"SUPLENTE"
"06/01/2026";"16:45:04";2020;2;"Eleição Ordinária";1;426;"ELEIÇÕES MUNICIPAIS 2020";"15/11/2020";"M";"ES";"56057";"ALFREDO CHAVES";56057;"ALFREDO CHAVES";12;13;"Vereador";80000666643;45666;"PETRONIO LOUSADA";"PETRONIO";"#NULO";12;"APTO";2;"DEFERIDO";-3;"#NE";-3;"#NE";-3;"#NE";"PARTIDO ISOLADO";45;"PSDB";"Partido da Social Democracia Brasileira";-1;"#NULO#";"#NULO#";"#NULO#";80000059662;"PARTIDO ISOLADO";"PSDB";"N";17;"Válido";17;5;"SUPLENTE"
"06/01/2026";"16:45:04";2020;2;"Eleição Ordinária";1;426;"ELEIÇÕES MUNICIPAIS 2020";"15/11/2020";"M";"ES";"56057";"ALFREDO CHAVES";56057;"ALFREDO CHAVES";12;13;"Vereador";80000666653;45436;"PAULO RITA DE SOUZA";"PAULINHO MECANICO";"#NULO";12;"APTO";2;"DEFERIDO";-3;"#NE";-3;"#NE";-3;"#NE";"PARTIDO ISOLADO";45;"PSDB";"Partido da Social Democracia Brasileira";-1;"#NULO#";"#NULO#";"#NULO#";80000059662;"PARTIDO ISOLADO";"PSDB";"N";31;"Válido";31;5;"SUPLENTE"
"06/01/2026";"16:45:04";2020;2;"Eleição Ordinária";1;426;"ELEIÇÕES MUNICIPAIS 2020";"15/11/2020";"M";"ES";"56057";"ALFREDO CHAVES";56057;"ALFREDO CHAVES";12;13;"Vereador";80000666641;45100;"SERGIO BIANCHI";"SERGIO BIANCHI";"#NULO";12;"APTO";2;"DEFERIDO";-3;"#NE";-3;"#NE";-3;"#NE";"PARTIDO ISOLADO";45;"PSDB";"Partido da Social Democracia Brasileira";-1;"#NULO#";"#NULO#";"#NULO#";80000059662;"PARTIDO ISOLADO";"PSDB";"N";347;"Válido";347;2;"ELEITO POR QP"
"06/01/2026";"16:45:04";2020;2;"Eleição Ordinária";1;426;"ELEIÇÕES MUNICIPAIS 2020";"15/11/2020";"M";"ES";"56057";"ALFREDO CHAVES";56057;"ALFREDO CHAVES";12;13;"Vereador";80000848888;11999;"OSVALDO SGULMARO";"OSVALDO SGULMARO";"#NULO";12;"APTO";2;"DEFERIDO";-3;"#NE";-3;"#NE";-3;"#NE";"PARTIDO ISOLADO";11;"PP";"PROGRESSISTAS";-1;"#NULO#";"#NULO#";"#NULO#";80000091373;"PARTIDO ISOLADO";"PP";"N";338;"Válido";338;3;"ELEITO POR MÉDIA"
"06/01/2026";"16:45:04";2020;2;"Eleição Ordinária";1;426;"ELEIÇÕES MUNICIPAIS 2020";"15/11/2020";"M";"ES";"56057";"ALFREDO CHAVES";56057;"ALFREDO CHAVES";12;13;"Vereador";80000666560;40000;"NILTON CESAR BELMOK";"NILTON BELMOK";"#NULO";12;"APTO";2;"DEFERIDO";-3;"#NE";-3;"#NE";-3;"#NE";"PARTIDO ISOLADO";40;"PSB";"Partido Socialista Brasileiro";-1;"#NULO#";"#NULO#";"#NULO#";80000059654;"PARTIDO ISOLADO";"PSB";"N";533;"Válido";533;2;"ELEITO POR QP"
"06/01/2026";"16:45:04";2020;2;"Eleição Ordinária";1;426;"ELEIÇÕES MUNICIPAIS 2020";"15/11/2020";"M";"ES";"56057";"ALFREDO CHAVES";56057;"ALFREDO CHAVES";12;13;"Vereador";80000666564;40456;"SERAFINO ANTONIO SIMONI";"SERAFINO SIMONI";"#NULO";12;"APTO";2;"DEFERIDO";-3;"#NE";-3;"#NE";-3;"#NE";"PARTIDO ISOLADO";40;"PSB";"Partido Socialista Brasileiro";-1;"#NULO#";"#NULO#";"#NULO#";80000059654;"PARTIDO ISOLADO";"PSB";"N";437;"Válido";437;2;"ELEITO POR QP"
"06/01/2026";"16:45:04";2020;2;"Eleição Ordinária";1;426;"ELEIÇÕES MUNICIPAIS 2020";"15/11/2020";"M";"ES";"56057";"ALFREDO CHAVES";56057;"ALFREDO CHAVES";12;13;"Vereador";80000666561;40111;"CHARLES GAIGHER";"CHARLES GAIGHER";"#NULO";12;"APTO";2;"DEFERIDO";-3;"#NE";-3;"#NE";-3;"#NE";"PARTIDO ISOLADO";40;"PSB";"Partido Socialista Brasileiro";-1;"#NULO#";"#NULO#";"#NULO#";80000059654;"PARTIDO ISOLADO";"PSB";"N";479;"Válido";479;2;"ELEITO POR QP"
"06/01/2026";"16:45:04";2020;2;"Eleição Ordinária";1;426;"ELEIÇÕES MUNICIPAIS 2020";"15/11/2020";"M";"ES";"56057";"ALFREDO CHAVES";56057;"ALFREDO CHAVES";12;13;"Vereador";80000848887;11357;"ELIZANGELA SOUZA DA SILVA";"ELIZANGELA SOUZA DA SILVA";"#NULO";12;"APTO";2;"DEFERIDO";-3;"#NE";-3;"#NE";-3;"#NE";"PARTIDO ISOLADO";11;"PP";"PROGRESSISTAS";-1;"#NULO#";"#NULO#";"#NULO#";80000091373;"PARTIDO ISOLADO";"PP";"N";6;"Válido";6;5;"SUPLENTE"
"06/01/2026";"16:45:04";2020;2;"Eleição Ordinária";1;426;"ELEIÇÕES MUNICIPAIS 2020";"15/11/2020";"M";"ES";"56057";"ALFREDO CHAVES";56057;"ALFREDO CHAVES";12;13;"Vereador";80000848890;11000;"FRANCISCO DE ASSIS JOSÉ DOS SANTOS";"ASSIS SANTOS";"#NULO";12;"APTO";2;"DEFERIDO";-3;"#NE";-3;"#NE";-3;"#NE";"PARTIDO ISOLADO";11;"PP";"PROGRESSISTAS";-1;"#NULO#";"#NULO#";"#NULO#";80000091373;"PARTIDO ISOLADO";"PP";"N";288;"Válido";288;5;"SUPLENTE"
"06/01/2026";"16:45:04";2020;2;"Eleição Ordinária";1;426;"ELEIÇÕES MUNICIPAIS 2020";"15/11/2020";"M";"ES";"56057";"ALFREDO CHAVES";56057;"ALFREDO CHAVES";12;13;"Vereador";80000848886;11111;"AMÉLIA DUARTE BEZERRA";"AMÉLIA DUARTE BEZERRA";"#NULO";12;"APTO";2;"DEFERIDO";-3;"#NE";-3;"#NE";-3;"#NE";"PARTIDO ISOLADO";11;"PP";"PROGRESSISTAS";-1;"#NULO#";"#NULO#";"#NULO#";80000091373;"PARTIDO ISOLADO";"PP";"N";10;"Válido";10;5;"SUPLENTE"
"06/01/2026";"16:45:04";2020;2;"Eleição Ordinária";1;426;"ELEIÇÕES MUNICIPAIS 2020";"15/11/2020";"M";"ES";"56057";"ALFREDO CHAVES";56057;"ALFREDO CHAVES";12;13;"Vereador";80000848889;11123;"CRISTIANO GRILLO";"CRISTIANO GRILLO";"#NULO";12;"APTO";2;"DEFERIDO";-3;"#NE";-3;"#NE";-3;"#NE";"PARTIDO ISOLADO";11;"PP";"PROGRESSISTAS";-1;"#NULO#";"#NULO#";"#NULO#";80000091373;"PARTIDO ISOLADO";"PP";"N";301;"Válido";301;5;"SUPLENTE"
"06/01/2026";"16:45:04";2020;2;"Eleição Ordinária";1;426;"ELEIÇÕES MUNICIPAIS 2020";"15/11/2020";"M";"ES";"56057";"ALFREDO CHAVES";56057;"ALFREDO CHAVES";12;13;"Vereador";80000848891;11555;"LUIZA APARECIDA BONIFACIO";"LUIZA BONIFACIO";"#NULO";12;"APTO";2;"DEFERIDO";-3;"#NE";-3;"#NE";-3;"#NE";"PARTIDO ISOLADO";11;"PP";"PROGRESSISTAS";-1;"#NULO#";"#NULO#";"#NULO#";80000091373;"PARTIDO ISOLADO";"PP";"N";8;"Válido";8;5;"SUPLENTE"
"06/01/2026";"16:45:04";2020;2;"Eleição Ordinária";1;426;"ELEIÇÕES MUNICIPAIS 2020";"15/11/2020";"M";"ES";"56057";"ALFREDO CHAVES";56057;"ALFREDO CHAVES";12;13;"Vereador";80000666567;40789;"ADILSON JOSE ROVETA";"ADILSON ROVETA";"#NULO";12;"APTO";2;"DEFERIDO";-3;"#NE";-3;"#NE";-3;"#NE";"PARTIDO ISOLADO";40;"PSB";"Partido Socialista Brasileiro";-1;"#NULO#";"#NULO#";"#NULO#";80000059654;"PARTIDO ISOLADO";"PSB";"N";382;"Válido";382;3;"ELEITO POR MÉDIA"
"06/01/2026";"16:45:04";2020;2;"Eleição Ordinária";1;426;"ELEIÇÕES MUNICIPAIS 2020";"15/11/2020";"M";"ES";"56057";"ALFREDO CHAVES";56057;"ALFREDO CHAVES";12;13;"Vereador";80000683714;51311;"NARCISO DE ABREU GRASSI";"NARCIZO GRASSI";"#NULO";12;"APTO";2;"DEFERIDO";-3;"#NE";-3;"#NE";-3;"#NE";"PARTIDO ISOLADO";51;"PATRIOTA";"Patriota";-1;"#NULO#";"#NULO#";"#NULO#";80000062058;"PARTIDO ISOLADO";"PATRIOTA";"N";530;"Válido";530;3;"ELEITO POR MÉDIA"
"06/01/2026";"16:45:04";2020;2;"Eleição Ordinária";1;426;"ELEIÇÕES MUNICIPAIS 2020";"15/11/2020";"M";"ES";"56057";"ALFREDO CHAVES";56057;"ALFREDO CHAVES";12;13;"Vereador";80000683174;14123;"HUGO LUIZ PICOLI MENEGHEL";"HUGO LUIZ";"#NULO";12;"APTO";2;"DEFERIDO";-3;"#NE";-3;"#NE";-3;"#NE";"PARTIDO ISOLADO";14;"PTB";"Partido Trabalhista Brasileiro";-1;"#NULO#";"#NULO#";"#NULO#";80000062328;"PARTIDO ISOLADO";"PTB";"N";345;"Válido";345;2;"ELEITO POR QP"
"06/01/2026";"16:45:04";2020;2;"Eleição Ordinária";1;426;"ELEIÇÕES MUNICIPAIS 2020";"15/11/2020";"M";"ES";"56057";"ALFREDO CHAVES";56057;"ALFREDO CHAVES";12;13;"Vereador";80000683715;51111;"JAQUELINE GOMES DE ARAUJO";"JAQUELINE DO QUINA";"#NULO";12;"APTO";2;"DEFERIDO";-3;"#NE";-3;"#NE";-3;"#NE";"PARTIDO ISOLADO";51;"PATRIOTA";"Patriota";-1;"#NULO#";"#NULO#";"#NULO#";80000062058;"PARTIDO ISOLADO";"PATRIOTA";"N";9;"Válido";9;5;"SUPLENTE"
"06/01/2026";"16:45:04";2020;2;"Eleição Ordinária";1;426;"ELEIÇÕES MUNICIPAIS 2020";"15/11/2020";"M";"ES";"56057";"ALFREDO CHAVES";56057;"ALFREDO CHAVES";12;13;"Vereador";80000683719;51456;"JACINTA LUCIA SCARPARO";"CINTIA SCARPARO";"#NULO";12;"APTO";2;"DEFERIDO";-3;"#NE";-3;"#NE";-3;"#NE";"PARTIDO ISOLADO";51;"PATRIOTA";"Patriota";-1;"#NULO#";"#NULO#";"#NULO#";80000062058;"PARTIDO ISOLADO";"PATRIOTA";"N";7;"Válido";7;5;"SUPLENTE"
"06/01/2026";"16:45:04";2020;2;"Eleição Ordinária";1;426;"ELEIÇÕES MUNICIPAIS 2020";"15/11/2020";"M";"ES";"56057";"ALFREDO CHAVES";56057;"ALFREDO CHAVES";12;13;"Vereador";80000683713;51000;"SILVANA RAMOS DA SILVA";"SILVANA RAMOS";"#NULO";12;"APTO";2;"DEFERIDO";-3;"#NE";-3;"#NE";-3;"#NE";"PARTIDO ISOLADO";51;"PATRIOTA";"Patriota";-1;"#NULO#";"#NULO#";"#NULO#";80000062058;"PARTIDO ISOLADO";"PATRIOTA";"N";58;"Válido";58;5;"SUPLENTE"
"06/01/2026";"16:45:04";2020;2;"Eleição Ordinária";1;426;"ELEIÇÕES MUNICIPAIS 2020";"15/11/2020";"M";"ES";"56057";"ALFREDO CHAVES";56057;"ALFREDO CHAVES";12;13;"Vereador";80000683717;51333;"RENATO CARDOSO";"RENATO CAPOTEIRO";"#NULO";12;"APTO";2;"DEFERIDO";-3;"#NE";-3;"#NE";-3;"#NE";"PARTIDO ISOLADO";51;"PATRIOTA";"Patriota";-1;"#NULO#";"#NULO#";"#NULO#";80000062058;"PARTIDO ISOLADO";"PATRIOTA";"N";61;"Válido";61;5;"SUPLENTE"
"06/01/2026";"16:45:04";2020;2;"Eleição Ordinária";1;426;"ELEIÇÕES MUNICIPAIS 2020";"15/11/2020";"M";"ES";"56057";"ALFREDO CHAVES";56057;"ALFREDO CHAVES";12;13;"Vereador";80000683716;51222;"GIANNE SMARSARO";"GIANNE COSTUREIRA";"#NULO";12;"APTO";2;"DEFERIDO";-3;"#NE";-3;"#NE";-3;"#NE";"PARTIDO ISOLADO";51;"PATRIOTA";"Patriota";-1;"#NULO#";"#NULO#";"#NULO#";80000062058;"PARTIDO ISOLADO";"PATRIOTA";"N";6;"Válido";6;5;"SUPLENTE"
"06/01/2026";"16:45:04";2020;2;"Eleição Ordinária";1;426;"ELEIÇÕES MUNICIPAIS 2020";"15/11/2020";"M";"ES";"56057";"ALFREDO CHAVES";56057;"ALFREDO CHAVES";12;13;"Vereador";80000683718;51234;"LUCIANO PINON";"LUCIANO PINON";"#NULO";12;"APTO";2;"DEFERIDO";-3;"#NE";-3;"#NE";-3;"#NE";"PARTIDO ISOLADO";51;"PATRIOTA";"Patriota";-1;"#NULO#";"#NULO#";"#NULO#";80000062058;"PARTIDO ISOLADO";"PATRIOTA";"N";173;"Válido";173;5;"SUPLENTE"
"06/01/2026";"16:45:04";2020;2;"Eleição Ordinária";1;426;"ELEIÇÕES MUNICIPAIS 2020";"15/11/2020";"M";"ES";"56057";"ALFREDO CHAVES";56057;"ALFREDO CHAVES";12;13;"Vereador";80000683712;51789;"ANTÔNIO VALDIR GOBBI BUBACK";"TONINHO BUBACK";"#NULO";12;"APTO";2;"DEFERIDO";-3;"#NE";-3;"#NE";-3;"#NE";"PARTIDO ISOLADO";51;"PATRIOTA";"Patriota";-1;"#NULO#";"#NULO#";"#NULO#";80000062058;"PARTIDO ISOLADO";"PATRIOTA";"N";36;"Válido";36;5;"SUPLENTE"
"06/01/2026";"16:45:04";2020;2;"Eleição Ordinária";1;426;"ELEIÇÕES MUNICIPAIS 2020";"15/11/2020";"M";"ES";"56057";"ALFREDO CHAVES";56057;"ALFREDO CHAVES";12;13;"Vereador";80000682926;10222;"FERNANDO ALVES";"FERNANDO ALVES";"#NULO";12;"APTO";2;"DEFERIDO";-3;"#NE";-3;"#NE";-3;"#NE";"PARTIDO ISOLADO";10;"REPUBLICANOS";"REPUBLICANOS";-1;"#NULO#";"#NULO#";"#NULO#";80000062230;"PARTIDO ISOLADO";"REPUBLICANOS";"N";63;"Válido";63;5;"SUPLENTE"
"06/01/2026";"16:45:04";2020;2;"Eleição Ordinária";1;426;"ELEIÇÕES MUNICIPAIS 2020";"15/11/2020";"M";"ES";"56057";"ALFREDO CHAVES";56057;"ALFREDO CHAVES";12;13;"Vereador";80000682930;10190;"ROMILDO DOMINGOS BORTOLUZZI";"ROMILDO POLICIAL";"#NULO";12;"APTO";2;"DEFERIDO";-3;"#NE";-3;"#NE";-3;"#NE";"PARTIDO ISOLADO";10;"REPUBLICANOS";"REPUBLICANOS";-1;"#NULO#";"#NULO#";"#NULO#";80000062230;"PARTIDO ISOLADO";"REPUBLICANOS";"N";161;"Válido";161;5;"SUPLENTE"
"06/01/2026";"16:45:04";2020;2;"Eleição Ordinária";1;426;"ELEIÇÕES MUNICIPAIS 2020";"15/11/2020";"M";"ES";"56057";"ALFREDO CHAVES";56057;"ALFREDO CHAVES";12;13;"Vereador";80000682923;10888;"ALCIDEMAR SILVA";"CIDI DE OSCAR";"#NULO";12;"APTO";2;"DEFERIDO";-3;"#NE";-3;"#NE";-3;"#NE";"PARTIDO ISOLADO";10;"REPUBLICANOS";"REPUBLICANOS";-1;"#NULO#";"#NULO#";"#NULO#";80000062230;"PARTIDO ISOLADO";"REPUBLICANOS";"N";47;"Válido";47;5;"SUPLENTE"
"06/01/2026";"16:45:04";2020;2;"Eleição Ordinária";1;426;"ELEIÇÕES MUNICIPAIS 2020";"15/11/2020";"M";"ES";"56057";"ALFREDO CHAVES";56057;"ALFREDO CHAVES";12;13;"Vereador";80000682932;10018;"CAMILA BRUSCHI TONON";"CAMILA BRUSCHI";"#NULO";12;"APTO";2;"DEFERIDO";-3;"#NE";-3;"#NE";-3;"#NE";"PARTIDO ISOLADO";10;"REPUBLICANOS";"REPUBLICANOS";-1;"#NULO#";"#NULO#";"#NULO#";80000062230;"PARTIDO ISOLADO";"REPUBLICANOS";"N";22;"Válido";22;5;"SUPLENTE"
"06/01/2026";"16:45:04";2020;2;"Eleição Ordinária";1;426;"ELEIÇÕES MUNICIPAIS 2020";"15/11/2020";"M";"ES";"56057";"ALFREDO CHAVES";56057;"ALFREDO CHAVES";12;13;"Vereador";80000682934;10111;"RENATO VETTORACI";"RENATO VETTORACI";"#NULO";12;"APTO";2;"DEFERIDO";-3;"#NE";-3;"#NE";-3;"#NE";"PARTIDO ISOLADO";10;"REPUBLICANOS";"REPUBLICANOS";-1;"#NULO#";"#NULO#";"#NULO#";80000062230;"PARTIDO ISOLADO";"REPUBLICANOS";"N";145;"Válido";145;5;"SUPLENTE"
"06/01/2026";"16:45:04";2020;2;"Eleição Ordinária";1;426;"ELEIÇÕES MUNICIPAIS 2020";"15/11/2020";"M";"ES";"56057";"ALFREDO CHAVES";56057;"ALFREDO CHAVES";12;13;"Vereador";80000682933;10777;"GLAUCIA DOS SANTOS PEREIRA";"GLAUCIA PEREIRA";"#NULO";12;"APTO";2;"DEFERIDO";-3;"#NE";-3;"#NE";-3;"#NE";"PARTIDO ISOLADO";10;"REPUBLICANOS";"REPUBLICANOS";-1;"#NULO#";"#NULO#";"#NULO#";80000062230;"PARTIDO ISOLADO";"REPUBLICANOS";"N";9;"Válido";9;5;"SUPLENTE"
"06/01/2026";"16:45:04";2020;2;"Eleição Ordinária";1;426;"ELEIÇÕES MUNICIPAIS 2020";"15/11/2020";"M";"ES";"56057";"ALFREDO CHAVES";56057;"ALFREDO CHAVES";12;13;"Vereador";80000682927;10123;"MARIA DE LURDES BENINCA MACHADO";"LURDES MACHADO";"#NULO";12;"APTO";2;"DEFERIDO";-3;"#NE";-3;"#NE";-3;"#NE";"PARTIDO ISOLADO";10;"REPUBLICANOS";"REPUBLICANOS";-1;"#NULO#";"#NULO#";"#NULO#";80000062230;"PARTIDO ISOLADO";"REPUBLICANOS";"N";30;"Válido";30;5;"SUPLENTE"
"06/01/2026";"16:45:04";2020;2;"Eleição Ordinária";1;426;"ELEIÇÕES MUNICIPAIS 2020";"15/11/2020";"M";"ES";"56057";"ALFREDO CHAVES";56057;"ALFREDO CHAVES";12;13;"Vereador";80000682924;10333;"CLOVIS D ALMEIDA FILHO";"PASTOR CLOVIS";"#NULO";12;"APTO";2;"DEFERIDO";-3;"#NE";-3;"#NE";-3;"#NE";"PARTIDO ISOLADO";10;"REPUBLICANOS";"REPUBLICANOS";-1;"#NULO#";"#NULO#";"#NULO#";80000062230;"PARTIDO ISOLADO";"REPUBLICANOS";"N";81;"Válido";81;5;"SUPLENTE"
"06/01/2026";"16:45:04";2020;2;"Eleição Ordinária";1;426;"ELEIÇÕES MUNICIPAIS 2020";"15/11/2020";"M";"ES";"56057";"ALFREDO CHAVES";56057;"ALFREDO CHAVES";12;13;"Vereador";80000682928;10100;"MATHIAS FERREIRA JUNIOR";"MATHIAS JUNIOR";"#NULO";12;"APTO";2;"DEFERIDO";-3;"#NE";-3;"#NE";-3;"#NE";"PARTIDO ISOLADO";10;"REPUBLICANOS";"REPUBLICANOS";-1;"#NULO#";"#NULO#";"#NULO#";80000062230;"PARTIDO ISOLADO";"REPUBLICANOS";"N";9;"Válido";9;5;"SUPLENTE"
"06/01/2026";"16:45:04";2020;2;"Eleição Ordinária";1;426;"ELEIÇÕES MUNICIPAIS 2020";"15/11/2020";"M";"ES";"56057";"ALFREDO CHAVES";56057;"ALFREDO CHAVES";12;13;"Vereador";80000682925;10010;"DAYARA MARCARINI BIANCHI";"DAYARA";"#NULO";12;"APTO";2;"DEFERIDO";-3;"#NE";-3;"#NE";-3;"#NE";"PARTIDO ISOLADO";10;"REPUBLICANOS";"REPUBLICANOS";-1;"#NULO#";"#NULO#";"#NULO#";80000062230;"PARTIDO ISOLADO";"REPUBLICANOS";"N";12;"Válido";12;5;"SUPLENTE"
"06/01/2026";"16:45:04";2020;2;"Eleição Ordinária";1;426;"ELEIÇÕES MUNICIPAIS 2020";"15/11/2020";"M";"ES";"56057";"ALFREDO CHAVES";56057;"ALFREDO CHAVES";12;13;"Vereador";80000682935;10000;"CAMILA CETTO GIORI";"CAMILA CETTO";"#NULO";12;"APTO";2;"DEFERIDO";-3;"#NE";-3;"#NE";-3;"#NE";"PARTIDO ISOLADO";10;"REPUBLICANOS";"REPUBLICANOS";-1;"#NULO#";"#NULO#";"#NULO#";80000062230;"PARTIDO ISOLADO";"REPUBLICANOS";"N";110;"Válido";110;5;"SUPLENTE"
"06/01/2026";"16:45:04";2020;2;"Eleição Ordinária";1;426;"ELEIÇÕES MUNICIPAIS 2020";"15/11/2020";"M";"ES";"56057";"ALFREDO CHAVES";56057;"ALFREDO CHAVES";12;13;"Vereador";80000682922;10456;"ADHEMAR CESAR BISSOLI";"CESAR BISSOLI";"#NULO";12;"APTO";2;"DEFERIDO";-3;"#NE";-3;"#NE";-3;"#NE";"PARTIDO ISOLADO";10;"REPUBLICANOS";"REPUBLICANOS";-1;"#NULO#";"#NULO#";"#NULO#";80000062230;"PARTIDO ISOLADO";"REPUBLICANOS";"N";186;"Válido";186;5;"SUPLENTE"
"06/01/2026";"16:45:04";2020;2;"Eleição Ordinária";1;426;"ELEIÇÕES MUNICIPAIS 2020";"15/11/2020";"M";"ES";"56057";"ALFREDO CHAVES";56057;"ALFREDO CHAVES";12;13;"Vereador";80000682929;10555;"OTTAVIO EVANGELISTA GOMES";"OTTAVIO GOMES";"#NULO";12;"APTO";2;"DEFERIDO";-3;"#NE";-3;"#NE";-3;"#NE";"PARTIDO ISOLADO";10;"REPUBLICANOS";"REPUBLICANOS";-1;"#NULO#";"#NULO#";"#NULO#";80000062230;"PARTIDO ISOLADO";"REPUBLICANOS";"N";126;"Válido";126;5;"SUPLENTE"
"06/01/2026";"16:45:04";2020;2;"Eleição Ordinária";1;426;"ELEIÇÕES MUNICIPAIS 2020";"15/11/2020";"M";"ES";"56057";"ALFREDO CHAVES";56057;"ALFREDO CHAVES";12;11;"Prefeito";80001042824;12;"ARMANDO NOLASCO RIBEIRO";"ARMANDO ZANATA";"#NULO";12;"APTO";2;"DEFERIDO";-3;"#NE";-3;"#NE";-3;"#NE";"PARTIDO ISOLADO";12;"PDT";"Partido Democrático Trabalhista";-1;"#NULO#";"#NULO#";"#NULO#";80000125916;"PARTIDO ISOLADO";"PDT";"N";336;"Válido";336;4;"NÃO ELEITO"