"DT_GERACAO";"HH_GERACAO";"AA_ELEICAO";"CD_TIPO_ELEICAO";"NM_TIPO_ELEICAO";"CD_ELEICAO";"DS_ELEICAO";"DT_ELEICAO";"ST_TURNO";"TP_PRESTACAO_CONTAS";"DT_PRESTACAO_CONTAS";"SQ_PRESTADOR_CONTAS";"SG_UF";"DS_TIPO_DOCUMENTO";"NR_DOCUMENTO";"CD_FONTE_DESPESA";"DS_FONTE_DESPESA";"CD_ORIGEM_DESPESA";"DS_ORIGEM_DESPESA";"CD_NATUREZA_DESPESA";"DS_NATUREZA_DESPESA";"CD_ESPECIE_RECURSO";"DS_ESPECIE_RECURSO";"SQ_DESPESA";"SQ_PARCELAMENTO_DESPESA";"DT_PAGTO_DESPESA";"DS_DESPESA";"VR_PAGTO_DESPESA"
"29/08/2026";"15:00:14";2020;2;"Ordinária";426;"Eleições Municipais 2020";"15/11/2020";"1";"Final";"24/11/2020";1832938808;"ES";"Nota Fiscal";"041256174";2;"Fundo Especial de Financiamento de Campanha";20140000;"Publicidade por materiais impressos";1;"Financeiro";1;"Transferência eletrônica";32996464;21409133;"20/10/2020";"IMP. SANTINHOS 7·5X10·5 CM VEREADORES";"2625,00"
"29/08/2026";"15:00:14";2020;2;"Ordinária";426;"Eleições Municipais 2020";"15/11/2020";"1";"Final";"12/12/2020";1831776749;"ES";"Nota Fiscal";"0002";1;"Outros Recursos";20100000;"Combustíveis e lubrificantes";1;"Financeiro";0;"Cheque";36479920;23993740;"12/11/2020";"GASOLINA TIPO C GRANEL";"181,06"
"29/08/2026";"15:00:14";2020;2;"Ordinária";426;"Eleições Municipais 2020";"15/11/2020";"1";"Final";"15/12/2020";1846969468;"ES";"Outro";"000007";2;"Fundo Especial de Financiamento de Campanha";20010000;"Despesas com pessoal";1;"Financeiro";0;"Cheque";38235532;25442336;"13/11/2020";"PRESTAÇÃO DE SERVIÇO COMO ASSITENTE DE CAMPANHA";"500,00"
"29/08/2026";"15:00:14";2020;2;"Ordinária";426;"Eleições Municipais 2020";"15/11/2020";"1";"Final";"12/12/2020";1831797308;"ES";"Nota Fiscal";"0003";1;"Outros Recursos";20100000;"Combustíveis e lubrificantes";1;"Financeiro";0;"Cheque";36495184;24007050;"04/11/2020";"GASOLINA SHELL V POWER ADITIVADA";"132,00"
"29/08/2026";"15:00:14";2020;2;"Ordinária";426;"Eleições Municipais 2020";"15/11/2020";"1";"Final";"11/12/2020";1831811298;"ES";"Nota Fiscal";"0003";1;"Outros Recursos";20100000;"Combustíveis e lubrificantes";1;"Financeiro";0;"Cheque";36306779;23848345;"03/11/2020";"GASOLINA TIPO C GRANEL";"225,02"
"29/08/2026";"15:00:14";2020;2;"Ordinária";426;"Eleições Municipais 2020";"15/11/2020";"1";"Final";"14/12/2020";1832350138;"ES";"Recibo";"0011";2;"Fundo Especial de Financiamento de Campanha";20010000;"Despesas com pessoal";1;"Financeiro";0;"Cheque";37211442;24592484;"13/11/2020";"SERVIÇO DE PANFLETAGEM";"1045,00"
"29/08/2026";"15:00:14";2020;2;"Ordinária";426;"Eleições Municipais 2020";"15/11/2020";"1";"Final";"24/11/2020";1832978912;"ES";"Outro";"42522131";2;"Fundo Especial de Financiamento de Campanha";20010000;"Despesas com pessoal";1;"Financeiro";1;"Transferência eletrônica";33289548;21607064;"11/11/2020";"CABO ELEITORAL";"867,00"
"29/08/2026";"15:00:14";2020;2;"Ordinária";426;"Eleições Municipais 2020";"15/11/2020";"1";"Final";"24/11/2020";1832950618;"ES";"Outro";"2";1;"Outros Recursos";20010000;"Despesas com pessoal";1;"Financeiro";0;"Cheque";33306458;21617799;"14/11/2020";"CABO ELEITORAL";"445,00"
"29/08/2026";"15:00:14";2020;2;"Ordinária";426;"Eleições Municipais 2020";"15/11/2020";"1";"Final";"14/12/2020";1832350138;"ES";"Fatura";"041074139";2;"Fundo Especial de Financiamento de Campanha";20420000;"Despesa com Impulsionamento de Conteúdos";1;"Financeiro";1;"Transferência eletrônica";37211438;24592462;"16/10/2020";"IMPUSSIONAMENTO FACEBOOK";"500,00"
"29/08/2026";"15:00:14";2020;2;"Ordinária";426;"Eleições Municipais 2020";"15/11/2020";"1";"Final";"15/12/2020";1846969468;"ES";"Nota Fiscal";"000002";2;"Fundo Especial de Financiamento de Campanha";20100000;"Combustíveis e lubrificantes";1;"Financeiro";0;"Cheque";38235528;25442323;"12/11/2020";"GASOLINA  C ADTIVADA V POWER | GASOLINA C COMUM";"2022,56"
"29/08/2026";"15:00:14";2020;2;"Ordinária";426;"Eleições Municipais 2020";"15/11/2020";"1";"Final";"23/11/2020";1832982921;"ES";"Nota Fiscal";"41377129";1;"Outros Recursos";20110000;"Publicidade por adesivos";1;"Financeiro";1;"Transferência eletrônica";33169777;21524497;"23/10/2020";"ADESIVO LEI 50X100 | ADESIVO LEIT 15X10 | ADESIVO PERFURADO 40X80 | CONF DE ADESIVO PERFURADO 30X60";"200,16"
"29/08/2026";"15:00:14";2020;2;"Ordinária";426;"Eleições Municipais 2020";"15/11/2020";"1";"Final";"10/12/2020";1843669824;"ES";"#NULO";"043682387";1;"Outros Recursos";20240000;"Doações financeiras a outros candidatos/partidos";1;"Financeiro";1;"Transferência eletrônica";35687899;23336596;"03/12/2020";"#NULO";"16,00"
"29/08/2026";"15:00:14";2020;2;"Ordinária";426;"Eleições Municipais 2020";"15/11/2020";"1";"Final";"15/12/2020";1846969468;"ES";"Outro";"00012";2;"Fundo Especial de Financiamento de Campanha";20010000;"Despesas com pessoal";1;"Financeiro";0;"Cheque";38235537;25442335;"13/11/2020";"PRESTAÇÃO DE SERVIÇOS COMO ASSITENTE DE CAMPANHA";"1000,00"
"29/08/2026";"15:00:14";2020;2;"Ordinária";426;"Eleições Municipais 2020";"15/11/2020";"1";"Final";"14/12/2020";1832350138;"ES";"Nota Fiscal";"042441450";1;"Outros Recursos";20140000;"Publicidade por materiais impressos";1;"Financeiro";1;"Transferência eletrônica";37211427;24592469;"10/11/2020";"SANTINHO 10X7";"1080,01"
"29/08/2026";"15:00:14";2020;2;"Ordinária";426;"Eleições Municipais 2020";"15/11/2020";"1";"Final";"23/11/2020";1832980472;"ES";"Cupom Fiscal";"42587713";2;"Fundo Especial de Financiamento de Campanha";20150000;"Alimentação";1;"Financeiro";1;"Transferência eletrônica";33194645;21541594;"12/11/2020";"COMPRA DE PÃP";"16,99"
"29/08/2026";"15:00:14";2020;2;"Ordinária";426;"Eleições Municipais 2020";"15/11/2020";"1";"Final";"23/11/2020";1832980472;"ES";"Outro";"1";2;"Fundo Especial de Financiamento de Campanha";20010000;"Despesas com pessoal";1;"Financeiro";1;"Transferência eletrônica";33194644;21541595;"13/11/2020";"CONTRATO PRESTAÇÃO DE SERVIÇO";"850,01"
"29/08/2026";"15:00:14";2020;2;"Ordinária";426;"Eleições Municipais 2020";"15/11/2020";"1";"Final";"14/12/2020";1832350138;"ES";"Fatura";"041091590";2;"Fundo Especial de Financiamento de Campanha";20260000;"Criação e inclusão de páginas na internet";1;"Financeiro";1;"Transferência eletrônica";37211424;24592482;"16/10/2020";"CONTRATO PARA REGISTRO DE DOMÍNIO DO REGISTRO.BR";"40,00"
"29/08/2026";"15:00:14";2020;2;"Ordinária";426;"Eleições Municipais 2020";"15/11/2020";"1";"Final";"11/12/2020";1831783021;"ES";"Nota Fiscal";"042531496";1;"Outros Recursos";20110000;"Publicidade por adesivos";1;"Financeiro";1;"Transferência eletrônica";36334801;23872500;"11/11/2020";"ADESIVO PERFURADO";"117,00"
"29/08/2026";"15:00:14";2020;2;"Ordinária";426;"Eleições Municipais 2020";"15/11/2020";"1";"Final";"23/11/2020";1832979304;"ES";"Nota Fiscal";"41339629";1;"Outros Recursos";20110000;"Publicidade por adesivos";1;"Financeiro";1;"Transferência eletrônica";33200327;21545521;"22/10/2020";"ADESIVO LEITOSO | CONF DE ADESIVO MICRO PERFURADO 30X40";"30,00"
"29/08/2026";"15:00:14";2020;2;"Ordinária";426;"Eleições Municipais 2020";"15/11/2020";"1";"Final";"10/12/2020";1843767706;"ES";"Nota Fiscal";"000002";1;"Outros Recursos";20140000;"Publicidade por materiais impressos";1;"Financeiro";0;"Cheque";35686457;23335212;"27/10/2020";"5 PERFURADOS 70X40 CM";"65,00"
"29/08/2026";"15:00:14";2020;2;"Ordinária";426;"Eleições Municipais 2020";"15/11/2020";"1";"Final";"11/12/2020";1831773307;"ES";"Nota Fiscal";"042531141";1;"Outros Recursos";20110000;"Publicidade por adesivos";1;"Financeiro";1;"Transferência eletrônica";36296618;23839947;"11/11/2020";"ADESIVOS PERFURADOS 70X40";"39,00"
"29/08/2026";"15:00:14";2020;2;"Ordinária";426;"Eleições Municipais 2020";"15/11/2020";"1";"Final";"15/12/2020";1846969468;"ES";"Outro";"000008";1;"Outros Recursos";20010000;"Despesas com pessoal";1;"Financeiro";0;"Cheque";38235526;25442338;"13/11/2020";"PRESTAÇÃO DE SERVIÇO COM OASSITENTE DE CAMPANHA";"1300,00"
"29/08/2026";"15:00:14";2020;2;"Ordinária";426;"Eleições Municipais 2020";"15/11/2020";"1";"Final";"24/11/2020";1832938808;"ES";"Outro";"42623938";2;"Fundo Especial de Financiamento de Campanha";20010000;"Despesas com pessoal";1;"Financeiro";1;"Transferência eletrônica";32996470;21409137;"13/11/2020";"PREST DE SERVIÇO DE PUBLICIDADE EM REDE SOCIAIS";"1000,00"
"29/08/2026";"15:00:14";2020;2;"Ordinária";426;"Eleições Municipais 2020";"15/11/2020";"1";"Final";"12/12/2020";1831776749;"ES";"Nota Fiscal";"042529970";1;"Outros Recursos";20110000;"Publicidade por adesivos";1;"Financeiro";1;"Transferência eletrônica";36479921;23993741;"11/11/2020";"ADESIVOS PERFURADOS";"195,00"
"29/08/2026";"15:00:14";2020;2;"Ordinária";426;"Eleições Municipais 2020";"15/11/2020";"1";"Final";"23/11/2020";1832960267;"ES";"Nota Fiscal";"41959220";1;"Outros Recursos";20110000;"Publicidade por adesivos";1;"Financeiro";1;"Transferência eletrônica";33191452;21539062;"03/11/2020";"ADESIVO POLITICO VINIL TAM 60X30 CM";"120,00"
"29/08/2026";"15:00:14";2020;2;"Ordinária";426;"Eleições Municipais 2020";"15/11/2020";"1";"Final";"24/11/2020";1832938808;"ES";"Nota Fiscal";"041255738";2;"Fundo Especial de Financiamento de Campanha";20110000;"Publicidade por adesivos";1;"Financeiro";1;"Transferência eletrônica";32996457;21409131;"20/10/2020";"ADESIVO  PERFURADO TAM 70X35CM | ADESIVO  PERFURADO TAM 80X40CM | ADESIVO  VINIL TAM 30X15 | ADESIVO PERFURADO TAM 60X30CM | ADESIVO VINIL REDONDO TAM 35X35 | ADESIVO VINIL REDONDO TAMANHO 15X15";"3354,75"
"29/08/2026";"15:00:14";2020;2;"Ordinária";426;"Eleições Municipais 2020";"15/11/2020";"1";"Final";"14/12/2020";1832350138;"ES";"Recibo";"0008";2;"Fundo Especial de Financiamento de Campanha";20010000;"Despesas com pessoal";1;"Financeiro";0;"Cheque";37211443;24592486;"13/11/2020";"SERVIÇO DE PANFLETAGEM";"1045,00"
"29/08/2026";"15:00:14";2020;2;"Ordinária";426;"Eleições Municipais 2020";"15/11/2020";"1";"Final";"23/11/2020";1832983323;"ES";"Nota Fiscal";"042586862";2;"Fundo Especial de Financiamento de Campanha";20110000;"Publicidade por adesivos";1;"Financeiro";1;"Transferência eletrônica";33203631;21548378;"12/11/2020";"IMP ADESIVO VINIL TAM 35X35CM";"60,00"
"29/08/2026";"15:00:14";2020;2;"Ordinária";426;"Eleições Municipais 2020";"15/11/2020";"1";"Final";"24/11/2020";1832938808;"ES";"Nota Fiscal";"041255907";2;"Fundo Especial de Financiamento de Campanha";20120000;"Serviços prestados por terceiros";1;"Financeiro";1;"Transferência eletrônica";32996433;21409132;"20/10/2020";"CRI DE CONT PARA CAMAP DAS ARTES PARA PROP E PUBLI";"1400,00"
"29/08/2026";"15:00:14";2020;2;"Ordinária";426;"Eleições Municipais 2020";"15/11/2020";"1";"Final";"24/11/2020";1832938808;"ES";"Outro";"042624193";2;"Fundo Especial de Financiamento de Campanha";20360002;"Serviços contábeis";1;"Financeiro";1;"Transferência eletrônica";32996465;21409145;"13/11/2020";"SERVIÇO CONTABIL ELEITORAL";"4510,25"
"29/08/2026";"15:00:14";2020;2;"Ordinária";426;"Eleições Municipais 2020";"15/11/2020";"1";"Final";"10/12/2020";1843669824;"ES";"Nota Fiscal";"000001";1;"Outros Recursos";20140000;"Publicidade por materiais impressos";1;"Financeiro";0;"Cheque";35687898;23336594;"09/10/2020";"1000 IMPRESSAO DE ADESIVO POLITICO PRAG/ADES 5X5CM | 10000 IMPRESSAO SANTINHO COUCHÊ 80G TAM 75X105MM | IMPRESSAO DE ADESIVO POLITICO VINIL TAM 15X15 | IMPRESSAO DE ADESIVO POLITICO VINIL TAM 53X10";"1596,00"
"29/08/2026";"15:00:14";2020;2;"Ordinária";426;"Eleições Municipais 2020";"15/11/2020";"1";"Final";"23/11/2020";1832958175;"ES";"Nota Fiscal";"041077974";1;"Outros Recursos";20110000;"Publicidade por adesivos";1;"Financeiro";1;"Transferência eletrônica";33200951;21545991;"16/10/2020";"IMP ADESIVO VINIL TAM 15X15 CM";"75,00"
"29/08/2026";"15:00:14";2020;2;"Ordinária";426;"Eleições Municipais 2020";"15/11/2020";"1";"Final";"24/11/2020";1832938808;"ES";"Outro";"60";2;"Fundo Especial de Financiamento de Campanha";20400000;"Pré-instalação física de comitê de campanha";1;"Financeiro";0;"Cheque";32996475;21409139;"09/11/2020";"LOCAÇÃO DE COMITÊ";"5500,00"
"29/08/2026";"15:00:14";2020;2;"Ordinária";426;"Eleições Municipais 2020";"15/11/2020";"1";"Final";"24/11/2020";1832938808;"ES";"Outro";"78";2;"Fundo Especial de Financiamento de Campanha";20360002;"Serviços contábeis";1;"Financeiro";0;"Cheque";32996459;21409144;"09/11/2020";"SERVIÇO CONTABIL";"4000,00"
"29/08/2026";"15:00:14";2020;2;"Ordinária";426;"Eleições Municipais 2020";"15/11/2020";"1";"Final";"15/12/2020";1846969468;"ES";"Outro";"000007";1;"Outros Recursos";20010000;"Despesas com pessoal";1;"Financeiro";0;"Cheque";38235538;25442337;"13/11/2020";"PRESTAÇÃO DE SERVIÇO COMO ASSITENTE DE CAMPANHA";"1000,00"
"29/08/2026";"15:00:14";2020;2;"Ordinária";426;"Eleições Municipais 2020";"15/11/2020";"1";"Final";"10/12/2020";1843767706;"ES";"Nota Fiscal";"000001";1;"Outros Recursos";20140000;"Publicidade por materiais impressos";1;"Financeiro";0;"Cheque";35686458;23335211;"13/10/2020";"10000 IMPRESSAO SANTINHO COUCHE 80G TAM 75X105MM | IMPRESSAO DE ADESIVO POLITICO PERFURADO TAM 60X30C | IMPRESSAO DE ADESIVO POLITICO VINIL TAM 15X15 | IMPRESSAO DE ADESIVO POLITICO VINIL TAM 30X15";"926,00"
"29/08/2026";"15:00:14";2020;2;"Ordinária";426;"Eleições Municipais 2020";"15/11/2020";"1";"Final";"24/11/2020";1832938808;"ES";"Nota Fiscal";"042626513";2;"Fundo Especial de Financiamento de Campanha";20110000;"Publicidade por adesivos";1;"Financeiro";1;"Transferência eletrônica";32996458;21409136;"13/11/2020";"IMP ADESIVO TAM  | IMP ADESIVO VINIL TAM 15X15CM";"940,00"
"29/08/2026";"15:00:14";2020;2;"Ordinária";426;"Eleições Municipais 2020";"15/11/2020";"1";"Final";"24/11/2020";1832938808;"ES";"Nota Fiscal";"041256427";2;"Fundo Especial de Financiamento de Campanha";20110000;"Publicidade por adesivos";1;"Financeiro";1;"Transferência eletrônica";32996452;21409140;"20/10/2020";"IMP ADESIVO  VINIL TAM 15X15 | IMP ADESIVO VINIL  35X35 | IMP ADESIVO VINIL REDONDO TAM 35X35";"1060,00"
"29/08/2026";"15:00:14";2020;2;"Ordinária";426;"Eleições Municipais 2020";"15/11/2020";"1";"Final";"11/12/2020";1831814507;"ES";"Nota Fiscal";"042530916";1;"Outros Recursos";20110000;"Publicidade por adesivos";1;"Financeiro";1;"Transferência eletrônica";36322174;23860902;"11/11/2020";"PERFURADO 70X40 CM";"26,00"
"29/08/2026";"15:00:14";2020;2;"Ordinária";426;"Eleições Municipais 2020";"15/11/2020";"1";"Final";"14/12/2020";1832350138;"ES";"Nota Fiscal";"042774679";1;"Outros Recursos";20100000;"Combustíveis e lubrificantes";1;"Financeiro";1;"Transferência eletrônica";37211444;24592497;"17/11/2020";"GASOLINA SHELL V POWER ADITIVADA | GASOLINA TIPO C GRANEL";"1147,76"
"29/08/2026";"15:00:14";2020;2;"Ordinária";426;"Eleições Municipais 2020";"15/11/2020";"1";"Final";"14/12/2020";1832350138;"ES";"Recibo";"0010";2;"Fundo Especial de Financiamento de Campanha";20010000;"Despesas com pessoal";1;"Financeiro";0;"Cheque";37211447;24592485;"13/11/2020";"SERVIÇO DE MOTORISTA";"2000,00"
"29/08/2026";"15:00:14";2020;2;"Ordinária";426;"Eleições Municipais 2020";"15/11/2020";"1";"Final";"14/12/2020";1832350138;"ES";"Recibo";"0002";2;"Fundo Especial de Financiamento de Campanha";20010000;"Despesas com pessoal";1;"Financeiro";0;"Cheque";37211431;24592496;"11/11/2020";"SERVIÇO DE PANFLETAGEM";"1045,00"
"29/08/2026";"15:00:14";2020;2;"Ordinária";426;"Eleições Municipais 2020";"15/11/2020";"1";"Final";"27/11/2020";1831777686;"ES";"Nota Fiscal";"042531957";1;"Outros Recursos";20110000;"Publicidade por adesivos";1;"Financeiro";1;"Transferência eletrônica";33747516;21911377;"11/11/2020";"ADESIVOS PERFURADOS 70X40";"130,00"
"29/08/2026";"15:00:14";2020;2;"Ordinária";426;"Eleições Municipais 2020";"15/11/2020";"1";"Final";"24/11/2020";1832938808;"ES";"Outro";"042623842";2;"Fundo Especial de Financiamento de Campanha";20010000;"Despesas com pessoal";1;"Financeiro";1;"Transferência eletrônica";32996476;21409143;"13/11/2020";"AUXILIAR CONTABIL";"3000,00"
"29/08/2026";"15:00:14";2020;2;"Ordinária";426;"Eleições Municipais 2020";"15/11/2020";"1";"Final";"12/12/2020";1831776749;"ES";"Recibo";"003";1;"Outros Recursos";20120000;"Serviços prestados por terceiros";1;"Financeiro";0;"Cheque";36479919;23993739;"14/11/2020";"SERVIÇOS DE PANFLETAGEM PRESTADO NO DIA 14/11";"83,87"
"29/08/2026";"15:00:14";2020;2;"Ordinária";426;"Eleições Municipais 2020";"15/11/2020";"1";"Final";"23/11/2020";1832983323;"ES";"Outro";"042586571";2;"Fundo Especial de Financiamento de Campanha";20010000;"Despesas com pessoal";1;"Financeiro";1;"Transferência eletrônica";33203632;21548377;"12/11/2020";"PRESTAÇÃO DE SERVIÇO ELEITORAL";"807,00"
"29/08/2026";"15:00:14";2020;2;"Ordinária";426;"Eleições Municipais 2020";"15/11/2020";"1";"Final";"23/11/2020";1832964065;"ES";"Nota Fiscal";"041285003";1;"Outros Recursos";20110000;"Publicidade por adesivos";1;"Financeiro";1;"Transferência eletrônica";33190260;21538051;"21/10/2020";"IMP DE ADESIVO VINIL TAM 35X35CM";"78,00"
"29/08/2026";"15:00:14";2020;2;"Ordinária";426;"Eleições Municipais 2020";"15/11/2020";"1";"Final";"24/11/2020";1832938808;"ES";"Nota Fiscal";"041944527";2;"Fundo Especial de Financiamento de Campanha";20110000;"Publicidade por adesivos";1;"Financeiro";1;"Transferência eletrônica";32996447;21409141;"03/11/2020";"IMP ADESIVO VINIL TAM 15X15CM  | IMP ADESIVO VINIL TAM 35X35 CM";"585,00"
"29/08/2026";"15:00:14";2020;2;"Ordinária";426;"Eleições Municipais 2020";"15/11/2020";"1";"Final";"23/11/2020";1832963370;"ES";"Nota Fiscal";"41397047";1;"Outros Recursos";20110000;"Publicidade por adesivos";1;"Financeiro";1;"Transferência eletrônica";33170811;21525336;"23/10/2020";"IMP ADESIVO TAM 60X30 CM";"60,00"
"29/08/2026";"15:00:14";2020;2;"Ordinária";426;"Eleições Municipais 2020";"15/11/2020";"1";"Final";"12/12/2020";1831794505;"ES";"Nota Fiscal";"004";1;"Outros Recursos";20110000;"Publicidade por adesivos";1;"Financeiro";0;"Cheque";36544735;24050106;"25/11/2020";"10 ADESIVOS PERFURADOS 76 X 40 CM";"98,00"
"29/08/2026";"15:00:14";2020;2;"Ordinária";426;"Eleições Municipais 2020";"15/11/2020";"1";"Final";"24/11/2020";1832938808;"ES";"Nota Fiscal";"341";2;"Fundo Especial de Financiamento de Campanha";20140000;"Publicidade por materiais impressos";1;"Financeiro";1;"Transferência eletrônica";32996434;21409135;"22/10/2020";"PLACA DE IONA EM IMPRESSÃO DIGITAL";"300,00"
"29/08/2026";"15:00:14";2020;2;"Ordinária";426;"Eleições Municipais 2020";"15/11/2020";"1";"Final";"10/12/2020";1843669824;"ES";"Nota Fiscal";"000002";1;"Outros Recursos";20140000;"Publicidade por materiais impressos";1;"Financeiro";0;"Cheque";35687897;23336595;"29/10/2020";"IMPRESSAO DE ADESIVO POLITICO VINIL | IMPRESSAO DE FAIXA TAM 80X40CM";"688,00"
"29/08/2026";"15:00:14";2020;2;"Ordinária";426;"Eleições Municipais 2020";"15/11/2020";"1";"Final";"23/11/2020";1832943853;"ES";"Cupom Fiscal";"42534386";1;"Outros Recursos";20150000;"Alimentação";1;"Financeiro";1;"Transferência eletrônica";33187815;21536657;"11/11/2020";"MORTADELA | MORTADELA | MUSSARELA | MUSSARELA | PÃO FRANCES";"17,16"
"29/08/2026";"15:00:14";2020;2;"Ordinária";426;"Eleições Municipais 2020";"15/11/2020";"1";"Final";"11/12/2020";1831774482;"ES";"Nota Fiscal";"001";1;"Outros Recursos";20140000;"Publicidade por materiais impressos";1;"Financeiro";0;"Cheque";36271343;23819181;"09/11/2020";"SANTINHO - 10X7 - 4/1 CORES - COUCHE 80";"185,00"
"29/08/2026";"15:00:14";2020;2;"Ordinária";426;"Eleições Municipais 2020";"15/11/2020";"1";"Final";"14/12/2020";1832350138;"ES";"Nota Fiscal";"1";2;"Fundo Especial de Financiamento de Campanha";20110000;"Publicidade por adesivos";1;"Financeiro";0;"Cheque";37211425;24592463;"27/10/2020";"ADESIVOS A8 X 11 CM | ADESIVOS PERFURADOS 70X40 CM | PLACA LONA CO ESTRUTURA DE MADEIRA PARA COMITE";"2710,00"
"29/08/2026";"15:00:14";2020;2;"Ordinária";426;"Eleições Municipais 2020";"15/11/2020";"1";"Final";"14/12/2020";1832350138;"ES";"Recibo";"0002";1;"Outros Recursos";20010000;"Despesas com pessoal";1;"Financeiro";0;"Cheque";37211448;24592495;"30/10/2020";"SERVIÇO DE PANFLETAGEM";"1045,00"
"29/08/2026";"15:00:14";2020;2;"Ordinária";426;"Eleições Municipais 2020";"15/11/2020";"1";"Final";"23/11/2020";1832964065;"ES";"Nota Fiscal";"041938590";1;"Outros Recursos";20110000;"Publicidade por adesivos";1;"Financeiro";1;"Transferência eletrônica";33190261;21538052;"03/11/2020";"IMP ADESIVO VINIL TAM 35X35";"36,00"
"29/08/2026";"15:00:14";2020;2;"Ordinária";426;"Eleições Municipais 2020";"15/11/2020";"1";"Final";"14/12/2020";1832350138;"ES";"Recibo";"0005";2;"Fundo Especial de Financiamento de Campanha";20010000;"Despesas com pessoal";1;"Financeiro";0;"Cheque";37211437;24592489;"13/11/2020";"SERVIÇO DE PANFLETAGEM";"1045,00"
"29/08/2026";"15:00:14";2020;2;"Ordinária";426;"Eleições Municipais 2020";"15/11/2020";"1";"Final";"11/12/2020";1831788017;"ES";"Nota Fiscal";"0002";1;"Outros Recursos";20110000;"Publicidade por adesivos";1;"Financeiro";0;"Cheque";36311319;23851997;"03/11/2020";"ADESIVOS PERFURADOS";"52,00"
"29/08/2026";"15:00:14";2020;2;"Ordinária";426;"Eleições Municipais 2020";"15/11/2020";"1";"Final";"14/12/2020";1832350138;"ES";"Recibo";"0004";2;"Fundo Especial de Financiamento de Campanha";20010000;"Despesas com pessoal";1;"Financeiro";0;"Cheque";37211453;24592490;"13/11/2020";"SERVIÇO DE PANFLETAGEM";"1045,00"
"29/08/2026";"15:00:14";2020;2;"Ordinária";426;"Eleições Municipais 2020";"15/11/2020";"1";"Final";"29/03/2021";1843717158;"ES";"Nota Fiscal";"040403975";1;"Outros Recursos";20140000;"Publicidade por materiais impressos";1;"Financeiro";1;"Transferência eletrônica";40523590;27308730;"05/10/2020";"MASCARS PERSONALIZADAS";"140,00"
"29/08/2026";"15:00:14";2020;2;"Ordinária";426;"Eleições Municipais 2020";"15/11/2020";"1";"Final";"25/11/2020";1832958378;"ES";"Cupom Fiscal";"41258727";1;"Outros Recursos";20150000;"Alimentação";1;"Financeiro";1;"Transferência eletrônica";33424070;21694058;"20/10/2020";"REFEIÇÃO";"87,00"
"29/08/2026";"15:00:14";2020;2;"Ordinária";426;"Eleições Municipais 2020";"15/11/2020";"1";"Final";"14/12/2020";1832350138;"ES";"Nota Fiscal";"042446240";1;"Outros Recursos";20140000;"Publicidade por materiais impressos";1;"Financeiro";1;"Transferência eletrônica";37211428;24592470;"10/11/2020";"SANTINHO 10X7 - 4/1 CORES COUCHE 80 (ARLETE) | SANTINHO 10X7 - 4/1 CORES COUCHE 80 (CLEOMIR) | SANTINHO 10X7 - 4/1 CORES COUCHE 80 (MINEIRO) | SANTINSANTINHO 10X7 - 4/1 CORES COUCHE 80 (SERGIO)";"500,00"
"29/08/2026";"15:00:14";2020;2;"Ordinária";426;"Eleições Municipais 2020";"15/11/2020";"1";"Final";"14/12/2020";1832350138;"ES";"Nota Fiscal";"042447715";1;"Outros Recursos";20110000;"Publicidade por adesivos";1;"Financeiro";1;"Transferência eletrônica";37211432;24592468;"10/11/2020";"200 ADESIVOS MOTO 18X11 | 200 ADESIVOS PARABRISA 64X11 | BANNER 1·70X1·50";"920,00"
"29/08/2026";"15:00:14";2020;2;"Ordinária";426;"Eleições Municipais 2020";"15/11/2020";"1";"Final";"14/12/2020";1832350138;"ES";"Nota Fiscal";"042511785";1;"Outros Recursos";20110000;"Publicidade por adesivos";1;"Financeiro";1;"Transferência eletrônica";37211440;24592475;"11/11/2020";"10 ADESIVOS PERFURADOS CANDIDATO NILTON BELMOK | 15 ADESIVOS PERFURADOS CANDIDATO ADILSON ROVETA  | 30 ADESIVOS MOTO 18X11 CM CANDIDATO CLEOMIR  | 500 PRAGUINHAS CANDIDATO ADILSON ROVETA";"370,00"
"29/08/2026";"15:00:14";2020;2;"Ordinária";426;"Eleições Municipais 2020";"15/11/2020";"1";"Final";"24/11/2020";1832950618;"ES";"Outro";"1";1;"Outros Recursos";20010000;"Despesas com pessoal";1;"Financeiro";0;"Cheque";33306456;21617798;"14/11/2020";"CABO ELEITORAL";"450,00"
"29/08/2026";"15:00:14";2020;2;"Ordinária";426;"Eleições Municipais 2020";"15/11/2020";"1";"Final";"14/12/2020";1832350138;"ES";"Nota Fiscal";"002";2;"Fundo Especial de Financiamento de Campanha";20110000;"Publicidade por adesivos";1;"Financeiro";0;"Cheque";37211445;24592464;"27/10/2020";"ADESIVOS BOPP 64X11-4/O CORES | PANFLETOS PREFEITO | PANFLETOS PREFEITO/VEREADOR | PRAQUINHA 7X7 - 4/0 CORES - PAPEL ADESIVO";"4999,93"
"29/08/2026";"15:00:14";2020;2;"Ordinária";426;"Eleições Municipais 2020";"15/11/2020";"1";"Final";"11/12/2020";1831787919;"ES";"Nota Fiscal";"043230684";1;"Outros Recursos";20100000;"Combustíveis e lubrificantes";1;"Financeiro";1;"Transferência eletrônica";36337812;23875090;"27/11/2020";"GASOLINA C ADITIVADA";"118,04"
"29/08/2026";"15:00:14";2020;2;"Ordinária";426;"Eleições Municipais 2020";"15/11/2020";"1";"Final";"23/11/2020";1832968988;"ES";"Nota Fiscal";"41340818";1;"Outros Recursos";20110000;"Publicidade por adesivos";1;"Financeiro";1;"Transferência eletrônica";33168551;21524114;"22/10/2020";"ADESIVO LEITOSO 15X30 | CONFEC DE ADESIVO MICRO PERFURADO 30X60";"180,18"
"29/08/2026";"15:00:14";2020;2;"Ordinária";426;"Eleições Municipais 2020";"15/11/2020";"1";"Final";"14/12/2020";1832350138;"ES";"Recibo";"043224932";1;"Outros Recursos";20360001;"Serviços advocatícios";1;"Financeiro";1;"Transferência eletrônica";37211430;24592492;"27/11/2020";"SERVIÇO DE ASSESSORAMENTO E CONSULTORIA ELEITORAL";"9000,00"
"29/08/2026";"15:00:14";2020;2;"Ordinária";426;"Eleições Municipais 2020";"15/11/2020";"1";"Final";"14/12/2020";1832350138;"ES";"Recibo";"0003";2;"Fundo Especial de Financiamento de Campanha";20010000;"Despesas com pessoal";1;"Financeiro";0;"Cheque";37211429;24592491;"13/11/2020";"SERVIÇO DE PANFLETAGEM";"1045,00"
"29/08/2026";"15:00:14";2020;2;"Ordinária";426;"Eleições Municipais 2020";"15/11/2020";"1";"Final";"15/12/2020";1846969468;"ES";"Outro";"00009";2;"Fundo Especial de Financiamento de Campanha";20010000;"Despesas com pessoal";1;"Financeiro";0;"Cheque";38235535;25442333;"13/11/2020";"PRESTAÇÃO DE SERVIÇOS COMO ASSISTENTE DE CAMPANHA";"500,00"
"29/08/2026";"15:00:14";2020;2;"Ordinária";426;"Eleições Municipais 2020";"15/11/2020";"1";"Final";"25/11/2020";1832958378;"ES";"Nota Fiscal";"041259320";1;"Outros Recursos";20110000;"Publicidade por adesivos";1;"Financeiro";1;"Transferência eletrônica";33424073;21694060;"20/10/2020";"IMP DE ADESIVO PRAGUINHA /ADESIVO PAPEL 5X5 CM | IMP DE ADESIVO VINIL 30X15 | IMP DE ADESSIVO PERFURADO TAM 60X35 | IMP PANFLETO COUCHE 80G TAM 15X210MM";"800,00"
"29/08/2026";"15:00:14";2020;2;"Ordinária";426;"Eleições Municipais 2020";"15/11/2020";"1";"Final";"14/12/2020";1832350138;"ES";"Nota Fiscal";"042160504";1;"Outros Recursos";20270000;"Diversas a especificar";1;"Financeiro";1;"Transferência eletrônica";37211434;24592472;"05/11/2020";"PLANEJAMENTO DE CAMPANHA E ASSESSORIA DE MARKETING";"7110,00"
"29/08/2026";"15:00:14";2020;2;"Ordinária";426;"Eleições Municipais 2020";"15/11/2020";"1";"Final";"11/12/2020";1831788017;"ES";"Nota Fiscal";"0001";1;"Outros Recursos";20100000;"Combustíveis e lubrificantes";1;"Financeiro";0;"Cheque";36311318;23851999;"13/10/2020";"GASOLINA SHELL V POWER ADITIVADA | GASOLINA TIPO C GRANEL";"222,84"
"29/08/2026";"15:00:14";2020;2;"Ordinária";426;"Eleições Municipais 2020";"15/11/2020";"1";"Final";"23/11/2020";1832948666;"ES";"Nota Fiscal";"41397239";1;"Outros Recursos";20110000;"Publicidade por adesivos";1;"Financeiro";1;"Transferência eletrônica";33204309;21549137;"23/10/2020";"IMP ADESIVO VINIL";"60,00"
"29/08/2026";"15:00:14";2020;2;"Ordinária";426;"Eleições Municipais 2020";"15/11/2020";"1";"Final";"24/11/2020";1832938808;"ES";"Nota Fiscal";"041256040";2;"Fundo Especial de Financiamento de Campanha";20310000;"Produção de jingles, vinhetas e slogans";1;"Financeiro";1;"Transferência eletrônica";32996456;21409130;"20/10/2020";"PRODUÇÃO E GRAVAÇÃO DE JINGLE POLITICO";"1500,00"
"29/08/2026";"15:00:14";2020;2;"Ordinária";426;"Eleições Municipais 2020";"15/11/2020";"1";"Final";"15/12/2020";1846969468;"ES";"Outro";"000002";2;"Fundo Especial de Financiamento de Campanha";20040000;"Locação/cessão de bens imóveis";1;"Financeiro";0;"Cheque";38235542;25442339;"13/11/2020";"ALUGEL DE IMOVEL DE PONTO COMERCIAL";"2090,00"
"29/08/2026";"15:00:14";2020;2;"Ordinária";426;"Eleições Municipais 2020";"15/11/2020";"1";"Final";"15/12/2020";1846969468;"ES";"Nota Fiscal";"000002";1;"Outros Recursos";20130000;"Publicidade por jornais e revistas";1;"Financeiro";0;"Cheque";38235524;25442322;"19/10/2020";"VINCULAÇÃO DE EDITAL DO PDT PARA CONVENÇÃO";"1250,00"
"29/08/2026";"15:00:14";2020;2;"Ordinária";426;"Eleições Municipais 2020";"15/11/2020";"1";"Final";"15/12/2020";1846969468;"ES";"Nota Fiscal";"042237329";2;"Fundo Especial de Financiamento de Campanha";20140000;"Publicidade por materiais impressos";1;"Financeiro";1;"Transferência eletrônica";38235534;25442325;"06/11/2020";"ELEIÇÃO 2020 ADESIVO 40X15 | ELEIÇÃO 2020 ADESIVO 50X30 | ELEIÇÃO 2020 LONA 250X160 | ELEIÇÃO 2020 PERFURADO 65X35 | ELEIÇÃO 2020 PRAGUINHAS 6X6 | ELEIÇÃO 2020 SSANTINHO 10X15 4X4";"7139,00"
"29/08/2026";"15:00:14";2020;2;"Ordinária";426;"Eleições Municipais 2020";"15/11/2020";"1";"Final";"12/12/2020";1831773960;"ES";"Nota Fiscal";"042530791";1;"Outros Recursos";20110000;"Publicidade por adesivos";1;"Financeiro";1;"Transferência eletrônica";36508471;24017750;"11/11/2020";"ADESIVOS PERFURADOS 70X40 CM";"26,00"
"29/08/2026";"15:00:14";2020;2;"Ordinária";426;"Eleições Municipais 2020";"15/11/2020";"1";"Final";"14/12/2020";1832350138;"ES";"Nota Fiscal";"09191172";1;"Outros Recursos";20140000;"Publicidade por materiais impressos";1;"Financeiro";1;"Transferência eletrônica";37211439;24592474;"13/11/2020";"SANTINHO EMILIA 10X7 - 4/1 CORES | SANTINHO MINEIRO 10X7 - 4/1 CORES | SANTINHO NILTON 10X7 - 4/1 CORES";"500,00"
"29/08/2026";"15:00:14";2020;2;"Ordinária";426;"Eleições Municipais 2020";"15/11/2020";"1";"Final";"11/12/2020";1831774482;"ES";"Nota Fiscal";"002";1;"Outros Recursos";20110000;"Publicidade por adesivos";1;"Financeiro";0;"Cheque";36271344;23819180;"09/11/2020";"ADESIVO 18 X 11 CM | ADESIVOS PERFURADOS 70 X 4 CM";"79,00"
"29/08/2026";"15:00:14";2020;2;"Ordinária";426;"Eleições Municipais 2020";"15/11/2020";"1";"Final";"14/12/2020";1832350138;"ES";"Nota Fiscal";"042446407";1;"Outros Recursos";20140000;"Publicidade por materiais impressos";1;"Financeiro";1;"Transferência eletrônica";37211433;24592471;"10/11/2020";"SANTINHO VEREADOR OSVALDO 10X7";"390,00"
"29/08/2026";"15:00:14";2020;2;"Ordinária";426;"Eleições Municipais 2020";"15/11/2020";"1";"Final";"14/12/2020";1832350138;"ES";"Nota Fiscal";"041787588";2;"Fundo Especial de Financiamento de Campanha";20270000;"Diversas a especificar";1;"Financeiro";1;"Transferência eletrônica";37211426;24592467;"30/10/2020";"PLANO DE COMUNICAÇÃO· ASSESSORIA DE COMUNICAÇÃO";"4740,00"
"29/08/2026";"15:00:14";2020;2;"Ordinária";426;"Eleições Municipais 2020";"15/11/2020";"1";"Final";"14/12/2020";1832350138;"ES";"Nota Fiscal";"042774911";2;"Fundo Especial de Financiamento de Campanha";20100000;"Combustíveis e lubrificantes";1;"Financeiro";1;"Transferência eletrônica";37211435;24592480;"17/11/2020";"GASOLINA SHELL V POWER ADITIVADA | GASOLINA SHELL V POWER ADITIVADA | GASOLINA TIPO C GRANEL  | GASOLINA TIPO C GRANEL";"650,00"
"29/08/2026";"15:00:14";2020;2;"Ordinária";426;"Eleições Municipais 2020";"15/11/2020";"1";"Final";"29/03/2021";1843717158;"ES";"Nota Fiscal";"41587505";1;"Outros Recursos";20100000;"Combustíveis e lubrificantes";1;"Financeiro";1;"Transferência eletrônica";40523591;27308731;"28/10/2020";"GASOLINA SHELL V POWER ADITIVADA";"50,00"
"29/08/2026";"15:00:14";2020;2;"Ordinária";426;"Eleições Municipais 2020";"15/11/2020";"1";"Final";"12/12/2020";1831797564;"ES";"Nota Fiscal";"042530212";1;"Outros Recursos";20110000;"Publicidade por adesivos";1;"Financeiro";1;"Transferência eletrônica";36475000;23989330;"11/11/2020";"ADESIVOS 18X11 CM | ADESIVOS OERFURADOS 70X40 CM";"137,00"
"29/08/2026";"15:00:14";2020;2;"Ordinária";426;"Eleições Municipais 2020";"15/11/2020";"1";"Final";"11/12/2020";1831795460;"ES";"Nota Fiscal";"0001";1;"Outros Recursos";20140000;"Publicidade por materiais impressos";1;"Financeiro";0;"Cheque";36341027;23878092;"03/11/2020";"SANTINHO";"185,00"
"29/08/2026";"15:00:14";2020;2;"Ordinária";426;"Eleições Municipais 2020";"15/11/2020";"1";"Final";"23/11/2020";1832959661;"ES";"Nota Fiscal";"041375942";1;"Outros Recursos";20110000;"Publicidade por adesivos";1;"Financeiro";1;"Transferência eletrônica";33188357;21537136;"23/10/2020";"IMP ADESIVO VINIL TAM 30X15 | IMP DE ADESIVO VINIL TAM 15X15";"282,80"
"29/08/2026";"15:00:14";2020;2;"Ordinária";426;"Eleições Municipais 2020";"15/11/2020";"1";"Final";"15/12/2020";1846969468;"ES";"Outro";"000006";2;"Fundo Especial de Financiamento de Campanha";20010000;"Despesas com pessoal";1;"Financeiro";0;"Cheque";38235539;25442328;"13/11/2020";"PRESTAÇÃO DE SERVIÇOS ASSITENTE DE CAMPANHA";"768,00"
"29/08/2026";"15:00:14";2020;2;"Ordinária";426;"Eleições Municipais 2020";"15/11/2020";"1";"Final";"23/11/2020";1832975116;"ES";"Nota Fiscal";"41340075";1;"Outros Recursos";20110000;"Publicidade por adesivos";1;"Financeiro";1;"Transferência eletrônica";33188115;21536925;"22/10/2020";"ADESIVO LEITOSO 15X30 | CONF DE ADESIVO MICRO PERFURADO 30X60";"360,00"
"29/08/2026";"15:00:14";2020;2;"Ordinária";426;"Eleições Municipais 2020";"15/11/2020";"1";"Final";"15/12/2020";1846969468;"ES";"Nota Fiscal";"000001";1;"Outros Recursos";20270000;"Diversas a especificar";1;"Financeiro";0;"Cheque";38235533;25442321;"16/10/2020";"CONFECÇÃO DE CAMISAS | CONFECÇÃO DE MASCARAS";"350,00"
"29/08/2026";"15:00:14";2020;2;"Ordinária";426;"Eleições Municipais 2020";"15/11/2020";"1";"Final";"14/12/2020";1832350138;"ES";"Recibo";"0009";2;"Fundo Especial de Financiamento de Campanha";20010000;"Despesas com pessoal";1;"Financeiro";0;"Cheque";37211455;24592494;"13/11/2020";"SERVIÇO DE MOTORISTA";"2000,00"
"29/08/2026";"15:00:14";2020;2;"Ordinária";426;"Eleições Municipais 2020";"15/11/2020";"1";"Final";"15/12/2020";1846969468;"ES";"Outro";"000006";1;"Outros Recursos";20010000;"Despesas com pessoal";1;"Financeiro";0;"Cheque";38235525;25442329;"13/11/2020";"PRESTAÇÃO DE SERVIÇO COMO ASSISTENTE DE CAMPANHA";"1150,00"
"29/08/2026";"15:00:14";2020;2;"Ordinária";426;"Eleições Municipais 2020";"15/11/2020";"1";"Final";"24/11/2020";1832938808;"ES";"Nota Fiscal";"041256281";2;"Fundo Especial de Financiamento de Campanha";20140000;"Publicidade por materiais impressos";1;"Financeiro";1;"Transferência eletrônica";32996451;21409134;"20/10/2020";"BOTONS(ADESIVO DE PEITO) 7·3X7·3 CM | IMP. SANTINHOS 7·5X10·5 CM PREFEITO E VICE | IMPRESSO   15X21 CM";"2225,00"
"29/08/2026";"15:00:14";2020;2;"Ordinária";426;"Eleições Municipais 2020";"15/11/2020";"1";"Final";"23/11/2020";1832964065;"ES";"Nota Fiscal";"041247495";1;"Outros Recursos";20110000;"Publicidade por adesivos";1;"Financeiro";1;"Transferência eletrônica";33190262;21538050;"20/10/2020";"FAIXA ADESIVA";"86,00"
"29/08/2026";"15:00:14";2020;2;"Ordinária";426;"Eleições Municipais 2020";"15/11/2020";"1";"Final";"23/11/2020";1832943853;"ES";"Nota Fiscal";"041388902";1;"Outros Recursos";20110000;"Publicidade por adesivos";1;"Financeiro";1;"Transferência eletrônica";33187816;21536658;"23/10/2020";"ADESIVO LEITOSO 100X50CM | ADESIVO LEITOSO 15X30CM | ADESIVO MICRO PERFUADO 40X80CM";"180,12"
"29/08/2026";"15:00:14";2020;2;"Ordinária";426;"Eleições Municipais 2020";"15/11/2020";"1";"Final";"23/11/2020";1832957411;"ES";"Nota Fiscal";"41395175";1;"Outros Recursos";20110000;"Publicidade por adesivos";1;"Financeiro";1;"Transferência eletrônica";33193921;21541127;"23/10/2020";"ADESIVO LEITOSO 50X100 | ADESIVO MICROPERFURADO 35X70 | CONF DE ADESIVO MICROPERFURADO 30X60";"97,02"
"29/08/2026";"15:00:14";2020;2;"Ordinária";426;"Eleições Municipais 2020";"15/11/2020";"1";"Final";"14/12/2020";1832350138;"ES";"Recibo";"0006";2;"Fundo Especial de Financiamento de Campanha";20010000;"Despesas com pessoal";1;"Financeiro";0;"Cheque";37211452;24592488;"13/11/2020";"SERVIÇO DE PANFLETAGEM";"1045,00"
"29/08/2026";"15:00:14";2020;2;"Ordinária";426;"Eleições Municipais 2020";"15/11/2020";"1";"Final";"24/11/2020";1832938808;"ES";"Outro";"042623744";2;"Fundo Especial de Financiamento de Campanha";20010000;"Despesas com pessoal";1;"Financeiro";1;"Transferência eletrônica";32996471;21409142;"13/11/2020";"CONTRATO ADMINISTRATIVO";"4000,00"
"29/08/2026";"15:00:14";2020;2;"Ordinária";426;"Eleições Municipais 2020";"15/11/2020";"1";"Final";"15/12/2020";1846969468;"ES";"Outro";"000009";1;"Outros Recursos";20010000;"Despesas com pessoal";1;"Financeiro";0;"Cheque";38235529;25442326;"13/11/2020";"PRESTAÇÃO DE SERVIÇOS DE ASSITENTE DE CAMPANHA";"950,00"
"29/08/2026";"15:00:14";2020;2;"Ordinária";426;"Eleições Municipais 2020";"15/11/2020";"1";"Final";"12/12/2020";1831801011;"ES";"Nota Fiscal";"042621812";1;"Outros Recursos";20100000;"Combustíveis e lubrificantes";1;"Financeiro";1;"Transferência eletrônica";36493420;24005497;"13/11/2020";"GASOLINA TIPO C GRANEL";"250,00"
"29/08/2026";"15:00:14";2020;2;"Ordinária";426;"Eleições Municipais 2020";"15/11/2020";"1";"Final";"12/12/2020";1831797308;"ES";"Nota Fiscal";"DNW000002";1;"Outros Recursos";20100000;"Combustíveis e lubrificantes";1;"Financeiro";0;"Cheque";36495183;24007049;"21/10/2020";"GASOLINA SHELL V POWER ADITIVADA";"204,00"
"29/08/2026";"15:00:14";2020;2;"Ordinária";426;"Eleições Municipais 2020";"15/11/2020";"1";"Final";"12/12/2020";1831779497;"ES";"Nota Fiscal";"001";1;"Outros Recursos";20100000;"Combustíveis e lubrificantes";1;"Financeiro";0;"Cheque";36485666;23999137;"06/11/2020";"GASOLINA SHELL V POWER ADITIVADA | GASOLINA TIPO C GRANEL";"641,80"
"29/08/2026";"15:00:14";2020;2;"Ordinária";426;"Eleições Municipais 2020";"15/11/2020";"1";"Final";"14/12/2020";1832350138;"ES";"Nota Fiscal";"042160104";1;"Outros Recursos";20270000;"Diversas a especificar";1;"Financeiro";1;"Transferência eletrônica";37211450;24592473;"05/11/2020";"PLANEJAMENTO E DESENVOLVIMENTO DE PUBLICIDADES";"6000,00"
"29/08/2026";"15:00:14";2020;2;"Ordinária";426;"Eleições Municipais 2020";"15/11/2020";"1";"Final";"15/12/2020";1846969468;"ES";"Nota Fiscal";"000001";2;"Fundo Especial de Financiamento de Campanha";20140000;"Publicidade por materiais impressos";1;"Financeiro";0;"Cheque";38235536;25442324;"06/11/2020";"ADESIVOS";"480,00"
"29/08/2026";"15:00:14";2020;2;"Ordinária";426;"Eleições Municipais 2020";"15/11/2020";"1";"Final";"15/12/2020";1846969468;"ES";"Outro";"000004";2;"Fundo Especial de Financiamento de Campanha";20360002;"Serviços contábeis";1;"Financeiro";0;"Cheque";38235543;25442340;"13/11/2020";"PRESTAÇÃO DE SERVIÇOS CONTABIES";"2500,00"
"29/08/2026";"15:00:14";2020;2;"Ordinária";426;"Eleições Municipais 2020";"15/11/2020";"1";"Final";"12/12/2020";1831797564;"ES";"Nota Fiscal";"042818782";1;"Outros Recursos";20100000;"Combustíveis e lubrificantes";1;"Financeiro";1;"Transferência eletrônica";36475001;23989331;"18/11/2020";"GASOLINA C GRANEL";"219,04"
"29/08/2026";"15:00:14";2020;2;"Ordinária";426;"Eleições Municipais 2020";"15/11/2020";"1";"Final";"12/12/2020";1831797308;"ES";"Nota Fiscal";"VUM000001";1;"Outros Recursos";20100000;"Combustíveis e lubrificantes";1;"Financeiro";0;"Cheque";36495182;24007048;"15/10/2020";"SHELL EVOLUX S-10 ADITIVADO";"164,00"
"29/08/2026";"15:00:14";2020;2;"Ordinária";426;"Eleições Municipais 2020";"15/11/2020";"1";"Final";"11/12/2020";1831795460;"ES";"Nota Fiscal";"0002";1;"Outros Recursos";20110000;"Publicidade por adesivos";1;"Financeiro";0;"Cheque";36341026;23878091;"03/11/2020";"ADESIVOS 30X15 | ADESIVOS PERFURADOS 70X40 CM";"128,00"
"29/08/2026";"15:00:14";2020;2;"Ordinária";426;"Eleições Municipais 2020";"15/11/2020";"1";"Final";"25/11/2020";1832958378;"ES";"Cupom Fiscal";"041258727";1;"Outros Recursos";20150000;"Alimentação";1;"Financeiro";1;"Transferência eletrônica";33424072;21694059;"20/10/2020";"REFIÇÃO";"26,50"
"29/08/2026";"15:00:14";2020;2;"Ordinária";426;"Eleições Municipais 2020";"15/11/2020";"1";"Final";"12/12/2020";1831789828;"ES";"Nota Fiscal";"042530627";1;"Outros Recursos";20110000;"Publicidade por adesivos";1;"Financeiro";1;"Transferência eletrônica";36483356;23997029;"11/11/2020";"ADESIVOS PERFURADOS 70X40";"130,00"
"29/08/2026";"15:00:14";2020;2;"Ordinária";426;"Eleições Municipais 2020";"15/11/2020";"1";"Final";"12/12/2020";1831803751;"ES";"Nota Fiscal";"042530400";1;"Outros Recursos";20110000;"Publicidade por adesivos";1;"Financeiro";1;"Transferência eletrônica";36507188;24016379;"11/11/2020";"ADESIVOS PERFURADOS 70X40 CM";"52,00"
"29/08/2026";"15:00:14";2020;2;"Ordinária";426;"Eleições Municipais 2020";"15/11/2020";"1";"Final";"14/12/2020";1832350138;"ES";"Recibo";"0007";2;"Fundo Especial de Financiamento de Campanha";20010000;"Despesas com pessoal";1;"Financeiro";0;"Cheque";37211451;24592487;"13/11/2020";"SERVIÇO DE PANFLETAGEM";"1045,00"
"29/08/2026";"15:00:14";2020;2;"Ordinária";426;"Eleições Municipais 2020";"15/11/2020";"1";"Final";"24/11/2020";1832938808;"ES";"Outro";"041375509";2;"Fundo Especial de Financiamento de Campanha";20010000;"Despesas com pessoal";1;"Financeiro";1;"Transferência eletrônica";32996446;21409138;"23/10/2020";"PRESTAÇÃO DE SERVIÇO ADMINISTRATIVO ELEITORAL";"4000,00"
"29/08/2026";"15:00:14";2020;2;"Ordinária";426;"Eleições Municipais 2020";"15/11/2020";"1";"Final";"10/12/2020";1843767705;"ES";"Nota Fiscal";"042731208";1;"Outros Recursos";20140000;"Publicidade por materiais impressos";1;"Financeiro";1;"Transferência eletrônica";35687379;23336154;"16/11/2020";"02 ADESIVOS 50X50 CM";"20,00"
"29/08/2026";"15:00:14";2020;2;"Ordinária";426;"Eleições Municipais 2020";"15/11/2020";"1";"Final";"12/12/2020";1831794505;"ES";"Nota Fiscal";"001";1;"Outros Recursos";20110000;"Publicidade por adesivos";1;"Financeiro";0;"Cheque";36544733;24050107;"26/11/2020";"ADESIVOS IMPRESSOS 40X12 | ADESIVOS IMPRESSOS 40X15 | ADESIVOS PERFURADOS 38X66 | LONA COM ILHOS 70X40";"1350,00"
"29/08/2026";"15:00:14";2020;2;"Ordinária";426;"Eleições Municipais 2020";"15/11/2020";"1";"Final";"11/12/2020";1831811298;"ES";"Nota Fiscal";"MCH000002";1;"Outros Recursos";20100000;"Combustíveis e lubrificantes";1;"Financeiro";0;"Cheque";36306780;23848343;"22/10/2020";"GASOLINA";"190,04"
"29/08/2026";"15:00:14";2020;2;"Ordinária";426;"Eleições Municipais 2020";"15/11/2020";"1";"Final";"15/12/2020";1846969468;"ES";"Outro";"000010";2;"Fundo Especial de Financiamento de Campanha";20010000;"Despesas com pessoal";1;"Financeiro";0;"Cheque";38235541;25442331;"13/11/2020";"PRESTAÇÃO DE SERVIÇO COMO ASSISTENTE DE CAMPANHA";"1000,00"
"29/08/2026";"15:00:14";2020;2;"Ordinária";426;"Eleições Municipais 2020";"15/11/2020";"1";"Final";"11/12/2020";1831803836;"ES";"Nota Fiscal";"042531819";1;"Outros Recursos";20110000;"Publicidade por adesivos";1;"Financeiro";1;"Transferência eletrônica";36346351;23881825;"11/11/2020";"ADESIVO PERFURADO 70X40 CM";"52,00"
"29/08/2026";"15:00:14";2020;2;"Ordinária";426;"Eleições Municipais 2020";"15/11/2020";"1";"Final";"11/12/2020";1831811136;"ES";"Nota Fiscal";"042532135";1;"Outros Recursos";20110000;"Publicidade por adesivos";1;"Financeiro";1;"Transferência eletrônica";36284210;23829698;"11/11/2020";"15 PERFURADOS 70X40 CM | 20 ADESIVOS 18X11 CM";"209,00"
"29/08/2026";"15:00:14";2020;2;"Ordinária";426;"Eleições Municipais 2020";"15/11/2020";"1";"Final";"14/12/2020";1832350138;"ES";"Recibo";"043718797";1;"Outros Recursos";20360002;"Serviços contábeis";1;"Financeiro";1;"Transferência eletrônica";37211454;24592493;"03/12/2020";"SERVIÇOS CONTABIL";"5000,00"
"29/08/2026";"15:00:14";2020;2;"Ordinária";426;"Eleições Municipais 2020";"15/11/2020";"1";"Final";"23/11/2020";1832958175;"ES";"Nota Fiscal";"41395397";1;"Outros Recursos";20110000;"Publicidade por adesivos";1;"Financeiro";1;"Transferência eletrônica";33200950;21545990;"23/10/2020";"ADESIVO LEITOSO 15X30 | ADESIVO MICROPERFURADO 40X80 | CONF DE ADESIVO MICROPERFURADO 30X60";"200,26"
"29/08/2026";"15:00:14";2020;2;"Ordinária";426;"Eleições Municipais 2020";"15/11/2020";"1";"Final";"11/12/2020";1831775030;"ES";"Nota Fiscal";"042531653";1;"Outros Recursos";20110000;"Publicidade por adesivos";1;"Financeiro";1;"Transferência eletrônica";36326237;23864041;"11/11/2020";"ADESIVO PERFURADO";"26,00"
"29/08/2026";"15:00:14";2020;2;"Ordinária";426;"Eleições Municipais 2020";"15/11/2020";"1";"Final";"12/12/2020";1831795496;"ES";"Nota Fiscal";"0001";1;"Outros Recursos";20110000;"Publicidade por adesivos";1;"Financeiro";0;"Cheque";36505351;24014929;"11/11/2020";"ADESIVOS PERFURADOS 70X40";"130,00"
"29/08/2026";"15:00:14";2020;2;"Ordinária";426;"Eleições Municipais 2020";"15/11/2020";"1";"Final";"14/12/2020";1832350138;"ES";"Nota Fiscal";"043122100";1;"Outros Recursos";20130000;"Publicidade por jornais e revistas";1;"Financeiro";1;"Transferência eletrônica";37211423;24592479;"25/11/2020";"PUBLICAÇAO NO JORNAL FOLHA DA CIDADE ED 191";"2900,00"
"29/08/2026";"15:00:14";2020;2;"Ordinária";426;"Eleições Municipais 2020";"15/11/2020";"1";"Final";"11/12/2020";1831811298;"ES";"Nota Fiscal";"01";1;"Outros Recursos";20140000;"Publicidade por materiais impressos";1;"Financeiro";0;"Cheque";36306781;23848342;"13/10/2020";"ADESIVO MICROPERFURADO | ADESIVOS LEITOSO | BOTM | SANTINHOS IMPRESSOS";"400,00"
"29/08/2026";"15:00:14";2020;2;"Ordinária";426;"Eleições Municipais 2020";"15/11/2020";"1";"Final";"14/12/2020";1832350138;"ES";"Nota Fiscal";"042628746";1;"Outros Recursos";20140000;"Publicidade por materiais impressos";1;"Financeiro";1;"Transferência eletrônica";37211421;24592476;"13/11/2020";"FOLHETOS 15X21 - 4/0 CORES-COUCHE 80G";"870,00"
"29/08/2026";"15:00:14";2020;2;"Ordinária";426;"Eleições Municipais 2020";"15/11/2020";"1";"Final";"12/12/2020";1831794505;"ES";"Nota Fiscal";"003";1;"Outros Recursos";20140000;"Publicidade por materiais impressos";1;"Financeiro";0;"Cheque";36544734;24050104;"25/11/2020";"SANTINHO 10 X7 - 4/1 CORES - COUCHE 80";"410,00"
"29/08/2026";"15:00:14";2020;2;"Ordinária";426;"Eleições Municipais 2020";"15/11/2020";"1";"Final";"23/11/2020";1832976418;"ES";"Nota Fiscal";"41395735";1;"Outros Recursos";20110000;"Publicidade por adesivos";1;"Financeiro";1;"Transferência eletrônica";33219663;21559456;"23/10/2020";"IMP ADESIVO VINIL TAM 15X15 CM | IMP ADESIVO VINIL TAM 30X15 | IMP ADESIVO VINIL TAM 35X35 CM";"60,00"
"29/08/2026";"15:00:14";2020;2;"Ordinária";426;"Eleições Municipais 2020";"15/11/2020";"1";"Final";"23/11/2020";1832976418;"ES";"Nota Fiscal";"41396543";1;"Outros Recursos";20110000;"Publicidade por adesivos";1;"Financeiro";1;"Transferência eletrônica";33219663;21559457;"23/10/2020";"IMP ADESIVO VINIL TAM 15X15 CM | IMP ADESIVO VINIL TAM 30X15 | IMP ADESIVO VINIL TAM 35X35 CM";"208,20"
"29/08/2026";"15:00:14";2020;2;"Ordinária";426;"Eleições Municipais 2020";"15/11/2020";"1";"Final";"15/12/2020";1846969468;"ES";"Outro";"000005";1;"Outros Recursos";20010000;"Despesas com pessoal";1;"Financeiro";0;"Cheque";38235530;25442327;"13/11/2020";"CONTRATO DE PRESTAÇÃO DE SERVIÇO COMO ASSISTENTE";"1000,00"
"29/08/2026";"15:00:14";2020;2;"Ordinária";426;"Eleições Municipais 2020";"15/11/2020";"1";"Final";"23/11/2020";1832948666;"ES";"Nota Fiscal";"41967429";1;"Outros Recursos";20110000;"Publicidade por adesivos";1;"Financeiro";1;"Transferência eletrônica";33204310;21549138;"03/11/2020";"IMP ADESIVO VINIL TAM 35X35";"60,00"
"29/08/2026";"15:00:14";2020;2;"Ordinária";426;"Eleições Municipais 2020";"15/11/2020";"1";"Final";"12/12/2020";1831794505;"ES";"Nota Fiscal";"002";1;"Outros Recursos";20100000;"Combustíveis e lubrificantes";1;"Financeiro";0;"Cheque";36544736;24050105;"25/11/2020";"GASOLINA SHELL V POWER ADITIVADA";"527,78"
"29/08/2026";"15:00:14";2020;2;"Ordinária";426;"Eleições Municipais 2020";"15/11/2020";"1";"Final";"11/12/2020";1831788017;"ES";"Nota Fiscal";"0003";1;"Outros Recursos";20100000;"Combustíveis e lubrificantes";1;"Financeiro";0;"Cheque";36311316;23851998;"13/11/2020";"GASOLINA SHELL V POWER ADITIVADA | GASOLINA SHELL V POWER ADITIVADA | GASOLINA TIPO C GRANEL | GASOLINA TIPO C GRANEL";"1020,85"
"29/08/2026";"15:00:14";2020;2;"Ordinária";426;"Eleições Municipais 2020";"15/11/2020";"1";"Final";"23/11/2020";1832945874;"ES";"Nota Fiscal";"41394556";1;"Outros Recursos";20110000;"Publicidade por adesivos";1;"Financeiro";1;"Transferência eletrônica";33191792;21539270;"23/10/2020";"ADESIVO LEITOSO | CONF DE ADESIVO MICROPERFURADO 30X60";"350,10"
"29/08/2026";"15:00:14";2020;2;"Ordinária";426;"Eleições Municipais 2020";"15/11/2020";"1";"Final";"14/12/2020";1832350138;"ES";"Nota Fiscal";"0001";1;"Outros Recursos";20110000;"Publicidade por adesivos";1;"Financeiro";0;"Cheque";37211449;24592465;"27/10/2020";"400 ADESIVOS | 200 ADESIVOS MOTO | 200 ADESIVOS PERFURADOS";"1629,93"
"29/08/2026";"15:00:14";2020;2;"Ordinária";426;"Eleições Municipais 2020";"15/11/2020";"1";"Final";"14/12/2020";1832350138;"ES";"Nota Fiscal";"0003";2;"Fundo Especial de Financiamento de Campanha";20110000;"Publicidade por adesivos";1;"Financeiro";0;"Cheque";37211449;24592466;"27/10/2020";"400 ADESIVOS | 200 ADESIVOS MOTO | 200 ADESIVOS PERFURADOS";"1750,07"
"29/08/2026";"15:00:14";2020;2;"Ordinária";426;"Eleições Municipais 2020";"15/11/2020";"1";"Final";"15/12/2020";1846969468;"ES";"Outro";"000008";2;"Fundo Especial de Financiamento de Campanha";20010000;"Despesas com pessoal";1;"Financeiro";0;"Cheque";38235527;25442330;"13/11/2020";"PRESTAÇÃO DE SERVIÇO COMO ASSITENTE DE CAMPANHA";"500,00"
"29/08/2026";"15:00:14";2020;2;"Ordinária";426;"Eleições Municipais 2020";"15/11/2020";"1";"Final";"25/11/2020";1832958378;"ES";"Outro";"42583517";1;"Outros Recursos";20010000;"Despesas com pessoal";1;"Financeiro";1;"Transferência eletrônica";33424071;21694062;"12/11/2020";"EDITOR DE FOTO E VIDEO";"226,50"
"29/08/2026";"15:00:14";2020;2;"Ordinária";426;"Eleições Municipais 2020";"15/11/2020";"1";"Final";"12/12/2020";1831776749;"ES";"Nota Fiscal";"01";1;"Outros Recursos";20100000;"Combustíveis e lubrificantes";1;"Financeiro";0;"Cheque";36479922;23993738;"09/11/2020";"GASOLINA TIPO 6 GRANEL";"135,07"
"29/08/2026";"15:00:14";2020;2;"Ordinária";426;"Eleições Municipais 2020";"15/11/2020";"1";"Final";"14/12/2020";1832350138;"ES";"Nota Fiscal";"03842036";2;"Fundo Especial de Financiamento de Campanha";20190000;"Pesquisas ou testes eleitorais";1;"Financeiro";1;"Transferência eletrônica";37211441;24592478;"04/11/2020";"SERVIÇO DE PESQUISA";"22250,00"
"29/08/2026";"15:00:14";2020;2;"Ordinária";426;"Eleições Municipais 2020";"15/11/2020";"1";"Final";"12/12/2020";1831779497;"ES";"Nota Fiscal";"0002";1;"Outros Recursos";20100000;"Combustíveis e lubrificantes";1;"Financeiro";0;"Cheque";36485667;23999138;"13/11/2020";"GASOLINA SHELL V POWER ADITIVADA | GASOLINA TIPO C GRANEL";"468,33"
"29/08/2026";"15:00:14";2020;2;"Ordinária";426;"Eleições Municipais 2020";"15/11/2020";"1";"Final";"24/11/2020";1832938808;"ES";"Outro";"27";2;"Fundo Especial de Financiamento de Campanha";20360001;"Serviços advocatícios";1;"Financeiro";0;"Cheque";32996453;21409146;"23/10/2020";"PRESTAÇÃO DE SERVIÇO ADVOCATICIO";"5000,00"
"29/08/2026";"15:00:14";2020;2;"Ordinária";426;"Eleições Municipais 2020";"15/11/2020";"1";"Final";"24/11/2020";1832938808;"ES";"Outro";"35";2;"Fundo Especial de Financiamento de Campanha";20360001;"Serviços advocatícios";1;"Financeiro";0;"Cheque";32996453;21409147;"04/11/2020";"PRESTAÇÃO DE SERVIÇO ADVOCATICIO";"5000,00"
"29/08/2026";"15:00:14";2020;2;"Ordinária";426;"Eleições Municipais 2020";"15/11/2020";"1";"Final";"15/12/2020";1846969468;"ES";"Outro";"000011";2;"Fundo Especial de Financiamento de Campanha";20010000;"Despesas com pessoal";1;"Financeiro";0;"Cheque";38235531;25442332;"13/11/2020";"PRESTAÇÃO DE SERVIÇO COMO ASSITENTE DE CAMPANHA";"1000,00"
"29/08/2026";"15:00:14";2020;2;"Ordinária";426;"Eleições Municipais 2020";"15/11/2020";"1";"Final";"24/11/2020";1832957195;"ES";"Nota Fiscal";"41394801";1;"Outros Recursos";20110000;"Publicidade por adesivos";1;"Financeiro";1;"Transferência eletrônica";33311643;21623076;"23/10/2020";"ADESIVO LEITOSO 15X30 | ADESIVO LEITOSO 30X60 | CONF DE ADESIVO MICROPERFURADO 30X60";"375,00"
"29/08/2026";"15:00:14";2020;2;"Ordinária";426;"Eleições Municipais 2020";"15/11/2020";"1";"Final";"24/11/2020";1832957195;"ES";"Nota Fiscal";"41076341";1;"Outros Recursos";20140000;"Publicidade por materiais impressos";1;"Financeiro";1;"Transferência eletrônica";33311642;21623075;"16/10/2020";"IMPRESSO CARTÃOP FRENTE E VERSO 8·8X4·8 CM | IMPRESSOS SANTÃO 15X21CM COLORIDO FRENTE E VERSO";"815,00"
"29/08/2026";"15:00:14";2020;2;"Ordinária";426;"Eleições Municipais 2020";"15/11/2020";"1";"Final";"24/11/2020";1832950618;"ES";"Nota Fiscal";"19";1;"Outros Recursos";20110000;"Publicidade por adesivos";1;"Financeiro";0;"Cheque";33306457;21617800;"30/10/2020";"ADESIVO 40X15 CM | ADESIVO 50X30CM | ADESIVO PERFURADO 65X35 CM | BANDEIRA 70X45 | PRAGUINHA 6X6 CM | SANTINHO 10X7";"5105,00"
"29/08/2026";"15:00:14";2020;2;"Ordinária";426;"Eleições Municipais 2020";"15/11/2020";"1";"Final";"11/12/2020";1831795312;"ES";"Nota Fiscal";"042531278";1;"Outros Recursos";20110000;"Publicidade por adesivos";1;"Financeiro";1;"Transferência eletrônica";36302235;23844344;"11/11/2020";"ADESIVO PERFURADO 70X40 CM";"26,00"
"29/08/2026";"15:00:14";2020;2;"Ordinária";426;"Eleições Municipais 2020";"15/11/2020";"1";"Final";"25/11/2020";1832958378;"ES";"Outro";"042583813";1;"Outros Recursos";20010000;"Despesas com pessoal";1;"Financeiro";1;"Transferência eletrônica";33424074;21694061;"12/11/2020";"CABO ELEITORAL";"360,00"
"29/08/2026";"15:00:14";2020;2;"Ordinária";426;"Eleições Municipais 2020";"15/11/2020";"1";"Final";"15/12/2020";1846969468;"ES";"Outro";"00013";2;"Fundo Especial de Financiamento de Campanha";20010000;"Despesas com pessoal";1;"Financeiro";0;"Cheque";38235540;25442334;"13/11/2020";"PRESTAÇÃO DE SERVIÇO COMO ASSITENTE DE CAMPANHA";"500,00"
"29/08/2026";"15:00:14";2020;2;"Ordinária";426;"Eleições Municipais 2020";"15/11/2020";"1";"Final";"14/12/2020";1832350138;"ES";"Nota Fiscal";"042627997";1;"Outros Recursos";20110000;"Publicidade por adesivos";1;"Financeiro";1;"Transferência eletrônica";37211422;24592477;"13/11/2020";"UN ADESIVO CHARLES GAIGHER PERFURADO 70CM X 40CM | UN ADESIVO REDONDO 30 CM X 30 CM";"469,00"
"29/08/2026";"15:00:14";2020;2;"Ordinária";426;"Eleições Municipais 2020";"15/11/2020";"1";"Final";"11/12/2020";1831788017;"ES";"Nota Fiscal";"042532303";1;"Outros Recursos";20110000;"Publicidade por adesivos";1;"Financeiro";1;"Transferência eletrônica";36311317;23851996;"11/11/2020";"ADESIVO 30X15 CM | ADESIVO PERFURADO";"29,80"
"29/08/2026";"15:00:14";2020;2;"Ordinária";426;"Eleições Municipais 2020";"15/11/2020";"1";"Final";"11/12/2020";1831811298;"ES";"Nota Fiscal";"0004";1;"Outros Recursos";20100000;"Combustíveis e lubrificantes";1;"Financeiro";0;"Cheque";36306782;23848344;"09/11/2020";"GASOLINA TIPO C GRANEL";"184,94"
"29/08/2026";"15:00:14";2020;2;"Ordinária";426;"Eleições Municipais 2020";"15/11/2020";"1";"Final";"23/11/2020";1832947375;"ES";"Outro";"42585904";2;"Fundo Especial de Financiamento de Campanha";20010000;"Despesas com pessoal";1;"Financeiro";1;"Transferência eletrônica";33198806;21544284;"11/11/2020";"CAMPANHA ELEITORAL";"867,00"
"29/08/2026";"15:00:14";2020;2;"Ordinária";426;"Eleições Municipais 2020";"15/11/2020";"1";"Final";"14/12/2020";1832350138;"ES";"Nota Fiscal";"042774958";1;"Outros Recursos";20100000;"Combustíveis e lubrificantes";1;"Financeiro";1;"Transferência eletrônica";37211446;24592481;"17/11/2020";"GASOLINA SHELL V POWER ADITIVADA | GASOLINA SHELL V POWER ADITIVADA | GASOLINA TIPO C GRANEL | GASOLINA TIPO C GRANEL";"826,34"
"29/08/2026";"15:00:14";2020;2;"Ordinária";426;"Eleições Municipais 2020";"15/11/2020";"1";"Final";"14/12/2020";1832350138;"ES";"Nota Fiscal";"042243309";1;"Outros Recursos";20130000;"Publicidade por jornais e revistas";1;"Financeiro";1;"Transferência eletrônica";37211436;24592483;"06/11/2020";"PUBLICIDADE PESQUISA ELEITORAL";"12584,25"
"29/08/2026";"15:00:14";2020;2;"Ordinária";426;"Eleições Municipais 2020";"15/11/2020";"1";"Final";"24/11/2020";1832978912;"ES";"Nota Fiscal";"08204674000110";1;"Outros Recursos";20110000;"Publicidade por adesivos";1;"Financeiro";1;"Transferência eletrônica";33289547;21607063;"11/11/2020";"ADESIVO 40X15 | SANTINHO 7X10";"570,00"