Data,Fase,Categoria,Tema,Visualizacoes,Curtidas,Comentarios,Compartilhamentos,Engajamento
2024-03-27,filiacao,filiacao,Filiação ao Progressistas (PP),9300,389,144,0,533
2024-03-27,pre-campanha,administrativo,Convocação: sessão ordinária 27/03,1500,32,2,0,34
2024-04-01,pre-campanha,administrativo,Convocação: sessão extraordinária 01/04,1500,38,2,0,40
2024-04-02,pre-campanha,administrativo,"Ofício 001/2024, auxílio transporte escolar",4000,179,17,0,196
2024-04-08,pre-campanha,administrativo,"Vídeo 92, esclarecimentos sessão extraordinária 01/04",2300,100,5,0,105
2024-04-10,pre-campanha,administrativo,Convocação: sessão ordinária 10/04,1500,30,4,0,34
2024-04-10,pre-campanha,administrativo,Sessão ordinária (vereador),2500,75,4,0,79
2024-04-17,lancamento,evento,Convite: espero vocês amanhã (Cachoeira Piripitinga),4100,71,5,0,76
2024-04-18,pre-campanha,administrativo,"Vídeo 93, esclarecimentos sessão 10/04",1500,52,0,0,52
2024-04-22,pre-campanha,administrativo,Sessão ordinária,1500,27,2,0,29
2024-04-23,pre-campanha,evento,"Viagem a Brasília, pleito de recursos",5100,185,32,1,218
2024-04-23,pre-campanha,evento,Agendas nos gabinetes dos deputados federais (Brasília),5000,158,17,1,176
2024-04-24,pre-campanha,evento,Registro viagem a Brasília,18900,567,101,0,668
2024-04-29,pre-campanha,administrativo,"Vídeo 94, esclarecimentos sessão 22/04",637,53,3,0,56
2024-05-01,campanha,evento,Registro da convenção partidária,7500,201,16,0,217
2024-05-06,pre-campanha,midia,Hugo Luiz lidera pesquisa (matéria Aqui Notícias),9500,415,122,0,537
2024-05-08,pre-campanha,administrativo,Convocação: sessão ordinária 08/05 (2º post),1500,24,2,0,26
2024-05-12,pre-campanha,data-comemorativa,"Parabéns, professora Sílvia (feliz dia das mães)",2000,247,25,0,272
2024-05-15,pre-campanha,administrativo,Esclarecimentos sessão ordinária,655,37,0,0,37
2024-05-16,pre-campanha,coligacao,Reunião pré-candidatos PP/Republicanos,7200,251,33,0,284
2024-05-22,pre-campanha,administrativo,Sessão ordinária,2900,35,4,0,39
2024-05-27,pre-campanha,proposta,"PLCL 002/2024, isenção de IPTU para vítimas de enchentes",8800,171,16,1,188
2024-05-29,pre-campanha,administrativo,Esclarecimentos sessão ordinária,2900,121,4,1,126
2024-05-30,pre-campanha,testemunho,Quem sou eu (depoimento pessoal),13000,625,91,0,716
2024-06-04,pre-campanha,administrativo,Sessão ordinária,8800,31,4,0,35
2024-06-05,pre-campanha,administrativo,Convite: espero vocês em breve (Cachoeira Piripitinga),13000,300,31,0,331
2024-06-07,lancamento,evento,Lançamento da pré-candidatura (discurso),11600,479,124,2,605
2024-06-07,lancamento,evento,Lançamento: decisão muito clara pela autonomia municipal,6400,298,64,0,362
2024-06-08,lancamento,evento,Lançamento da pré-candidatura (registro do evento),6200,359,11,0,370
2024-06-09,lancamento,proposta,Alfredo Chaves merece liderança nova,9600,310,19,0,329
2024-06-12,lancamento,midia,Repercussão na mídia do lançamento,8000,85,12,0,97
2024-06-14,lancamento,administrativo,Sessão ordinária,900,85,6,0,91
2024-06-19,lancamento,administrativo,Convocação: sessão ordinária 19/06,1500,35,1,0,36
2024-06-19,lancamento,resposta-ataque,Não acredite em conversa fiada,20600,260,38,0,298
2024-06-20,lancamento,evento,Convite reunião com comerciantes,10700,91,12,0,103
2024-06-26,lancamento,administrativo,Esclarecimentos sessão ordinária,4300,174,16,0,190
2024-07-05,campanha,data-comemorativa,Muitos de nós descendemos da Itália (herança cultural),12300,266,20,0,286
2024-07-10,campanha,resposta-ataque,Não sou novato no assunto de gestão pública,23900,118,20,0,138
2024-07-16,pre-campanha,resposta-ataque,#TáNaMídia: rodovia sem pavimentação trava desenvolvimento,5000,154,23,0,177
2024-07-16,campanha,proposta,Carreira baseada em fiscalização,18400,306,60,0,366
2024-07-20,campanha,proposta,"Raízes fortes, bons frutos (propostas de governo)",7200,279,58,0,337
2024-07-26,campanha,evento,Convite convenção partidária Progressistas,16100,207,22,0,229
2024-07-26,campanha,data-comemorativa,Dia Mundial da Agricultura Familiar,7000,194,35,0,229
2024-07-29,campanha,evento,49ª Festa da Banana e do Leite,5100,418,12,1,431
2024-08-01,campanha,proposta,Política bem feita atende a população,22300,313,37,0,350
2024-08-02,campanha,evento,Convite convenção partidária,7000,118,22,0,140
2024-08-03,campanha,coligacao,Anúncio do vice-prefeito Cleber Bianchi,11300,536,152,2,690
2024-08-04,campanha,evento,Homenagem a Darcy Bonella (falecimento),5900,191,20,1,212
2024-08-06,campanha,evento,"Convenção: ""é ouro para Alfredo Chaves""",6800,269,69,0,338
2024-08-07,campanha,resposta-ataque,Escolha partidária é clara e transparente,6200,175,17,0,192
2024-08-08,campanha,proposta,Compromisso de renovação de 100% do secretariado,10400,330,48,2,380
2024-08-09,campanha,resposta-ataque,Não disfarce as deficiências (crítica a adversário),4900,62,29,0,91
2024-08-10,campanha,proposta,Reintegrar a saúde à Grande Vitória e o turismo,4400,92,4,4,100
2024-08-11,campanha,proposta,Crianças com TEA merecem olhar atento do poder público,18900,144,20,0,164
2024-08-11,campanha,data-comemorativa,Feliz dia dos pais,4900,373,16,0,389
2024-08-13,campanha,proposta,Nossos entes queridos merecem mais dignidade (proposta cemitério),9800,324,99,1,424
2024-08-15,campanha,resposta-ataque,Chega de promessas vazias (sinalização de trânsito),16200,354,100,6,460
2024-08-16,campanha,evento,"Reunião comunitária, renovação política",14900,310,130,0,440
2024-08-17,campanha,proposta,Uma nova esperança para Alfredo Chaves (chapa),9800,361,60,3,424
2024-08-18,campanha,evento,Festa de São Roque em Iritimirim,6300,210,6,0,216
2024-08-18,campanha,evento,Festa em São Roque de Maravilha e Assunta,7300,250,4,0,254
2024-08-20,campanha,proposta,"Verão chegando, bem-estar de crianças",9200,291,85,0,376
2024-08-20,campanha,coligacao,Chapa de vereadores do PSDB,15900,234,53,0,287
2024-08-24,campanha,proposta,Chamado da mudança,11400,137,25,1,163
2024-08-24,campanha,evento,Mudança tá próxima (inauguração de comitê),11400,288,82,0,370
2024-08-25,campanha,evento,"Rally de rua, ""Alfredo Chaves é 11""",14600,302,81,0,383
2024-08-25,campanha,evento,Visita à companhia de Lurdes Galina e Edmilson Bottechia,4900,149,5,0,154
2024-08-25,campanha,coligacao,Apoio do deputado Evair de Melo,8500,283,16,0,299
2024-08-25,campanha,evento,A mulherada vem aí (mobilização feminina),6100,184,18,0,202
2024-08-25,campanha,evento,Encontro de mulheres com a deputada Raquel Lessa,8900,291,31,0,322
2024-08-25,campanha,evento,Festa da comunidade de Carolina (distrito de Matilde),10100,359,13,0,372
2024-08-25,campanha,evento,Caravana de carros pelo interior,7900,231,21,0,252
2024-08-26,campanha,coligacao,Uma nova esperança com Hugo Luiz e Cleber Bianchi (loja/comércio),9600,192,27,0,219
2024-08-27,campanha,coligacao,Juventude experiente: credenciais de Cleber Bianchi,11700,273,38,0,311
2024-08-29,campanha,coligacao,Apoio da bancada federal e estadual (2º post),9900,262,29,0,291
2024-08-29,campanha,resposta-ataque,IPTU Doce IPTU: chega de fazer a população de boba,33600,366,77,1,444
2024-08-30,campanha,evento,Caminhada com o futuro,8300,184,22,0,206
2024-08-30,campanha,evento,"O povo quer, ninguém segura, Hugo Luiz na prefeitura (repost)",7700,225,30,0,255
2024-08-31,campanha,evento,Alfredo Chaves é 11 (repost da caminhada),17000,381,37,0,418
2024-08-31,campanha,evento,Caminhada de rua com bandeiras,9200,209,12,1,222
2024-08-31,campanha,evento,Caminhada de rua (casal com bandeiras),12000,477,44,10,531
2024-08-31,campanha,coligacao,Progressistas (marca oficial do partido),9900,380,60,0,440
2024-08-31,campanha,coligacao,Assembleia já sabe o número (11),7200,278,70,1,349
2024-09-03,reta-final,resposta-ataque,Deixa o menino trabalhar,15100,389,107,0,496
2024-09-04,reta-final,evento,Convite: Roda de Conversa com a Terceira Idade,7500,96,8,0,104
2024-09-04,reta-final,evento,A alegria (vídeo comunidade),10800,203,20,0,223
2024-09-05,reta-final,pesquisa,"Pesquisa: Hugo Luiz com 57,4% de intenção de voto",76800,345,64,0,409
2024-09-05,reta-final,data-comemorativa,Feliz dia do irmão,4800,296,34,0,330
2024-09-06,reta-final,contagem-regressiva,Dias para votar no prefeito mais jovem do ES,8000,260,77,1,338
2024-09-06,reta-final,pesquisa,Repercussão pesquisa Instituto Veritá,9000,182,40,0,222
2024-09-07,reta-final,data-comemorativa,Feliz 7 de Setembro,5500,80,15,0,95
2024-09-08,reta-final,evento,Olá amigos de Alfredo,7100,136,1,0,137
2024-09-09,reta-final,evento,Caminhada confirmada com deputado federal,12700,104,13,0,117
2024-09-09,reta-final,proposta,Propostas de saúde e família,8100,115,6,0,121
2024-09-09,reta-final,evento,Caminhada no Centro (convite),10300,140,10,0,150
2024-09-12,reta-final,evento,Aula de democracia e cidadania (idosos),9900,400,69,1,470
2024-09-12,reta-final,coligacao,Coligação Renovação e Juventude (terceira idade),11500,183,21,0,204
2024-09-13,reta-final,evento,O povo quer Hugo Luiz na prefeitura,8400,340,27,0,367
2024-09-13,reta-final,proposta,Propostas de educação,12100,137,15,1,153
2024-09-13,reta-final,coligacao,Apoio do deputado Messias Donato,9600,182,27,1,210
2024-09-13,reta-final,evento,Celebração de rua,24400,636,98,1,735
2024-09-13,reta-final,proposta,Estamos quebrando as algemas,8800,604,61,0,665
2024-09-13,reta-final,evento,Caminhada,10000,270,41,0,311
2024-09-13,reta-final,proposta,Propostas de saúde alfredense,39400,280,31,1,312
2024-09-13,reta-final,evento,Sexta de alegria (carreata),14000,446,32,2,480
2024-09-13,reta-final,proposta,Proposta de saneamento básico,41100,365,64,1,430
2024-09-16,reta-final,proposta,Situação da rodovia ES-376,19500,480,77,3,560
2024-09-16,reta-final,coligacao,Coligação Renovação e Juventude,11500,246,42,8,296
2024-09-17,reta-final,resposta-ataque,"Meu voto é secreto, mas haverá sinais",13700,206,45,1,252
2024-09-17,reta-final,proposta,Reforma do Clube Tororoma,10700,210,24,0,234
2024-09-18,reta-final,proposta,Propostas de saúde,5500,132,13,1,146
2024-09-18,reta-final,proposta,Parabéns professores (2º lugar IDEB),5300,82,0,0,82
2024-09-19,reta-final,evento,Comunidade Sagrada Família,9700,217,57,0,274
2024-09-19,reta-final,testemunho,Depoimento eleitor (Darli),8900,278,52,0,330
2024-09-19,reta-final,testemunho,Depoimento de jovem eleitor,8900,279,46,0,325
2024-09-22,reta-final,pesquisa,Pesquisa suspensa (Instituto Direta),11500,257,31,4,292
2024-09-23,reta-final,testemunho,Depoimento de Aninha Sartori,8100,240,50,2,292
2024-09-23,reta-final,proposta,Propostas para a agricultura,7600,164,21,0,185
2024-09-23,reta-final,testemunho,Depoimento Edimilson Bottechia,9600,176,36,2,214
2024-09-24,reta-final,testemunho,Depoimento em vídeo,7400,261,41,0,302
2024-09-24,reta-final,testemunho,Depoimento de Francisco Gottardo,5200,142,20,0,162
2024-09-24,reta-final,marco,4 mil seguidores no Instagram,8000,300,36,0,336
2024-09-24,reta-final,coligacao,Somos 11 (com deputado federal),11500,381,33,5,419
2024-09-24,reta-final,evento,Visita ao Sicoob,13100,548,37,2,587
2024-09-25,reta-final,contagem-regressiva,Dias para votar no 11,6500,206,24,0,230
2024-09-25,reta-final,coligacao,Apoio do presidente da Assembleia Legislativa,34300,452,39,1,492
2024-09-25,reta-final,pesquisa,Cobertura especial Eleições 2024 (pesquisa),7600,207,8,12,227
2024-09-25,reta-final,testemunho,Depoimento de eleitora,7000,208,21,0,229
2024-09-25,reta-final,pesquisa,"Pesquisa: Boteccia 25,4% (2º), Boldrini 11,5% (3º)",56500,678,60,14,752
2024-09-26,reta-final,evento,"Discurso de rua ""Eu tenho""",13100,475,42,4,521
2024-09-26,reta-final,evento,Coordenadora de campanha,7400,159,8,9,176
2024-09-26,reta-final,testemunho,Depoimento de jovem eleitor no carro,5100,116,13,0,129
2024-09-27,reta-final,pesquisa,"Pesquisa estimulada: Hugo Luiz 51,2%",9500,189,9,2,200
2024-09-27,reta-final,proposta,Propostas de segurança pública,13000,128,6,0,134
2024-09-27,reta-final,proposta,Discurso a produtores rurais,8300,207,15,0,222
2024-09-29,reta-final,contagem-regressiva,Para votar 11 com pressão (contagem regressiva),11500,133,8,2,143
2024-09-29,reta-final,testemunho,Depoimento da professora Francisca,10300,271,40,3,314
2024-09-29,reta-final,testemunho,Depoimento de jovem eleitora,9600,221,16,6,243
2024-09-30,reta-final,coligacao,Parceria com Erick Musso (Republicanos),4600,94,0,0,94
2024-09-30,reta-final,coligacao,Parceria esportiva (Ícone),8900,208,9,6,223
2024-10-01,reta-final,evento,Visita ao bairro Imigrantes,13500,391,8,9,408
2024-10-01,reta-final,resposta-ataque,O aumento abusivo do IPTU te custou caro,17000,344,39,48,431
2024-10-01,reta-final,marco,Homenagem por diploma no Legislativo,14200,988,82,4,1074
2024-10-01,reta-final,contagem-regressiva,5 dias para votar 11,5700,110,9,8,127
2024-10-02,reta-final,evento,Vídeo com criança,7100,203,19,27,249
2024-10-02,reta-final,coligacao,Conheça nossos candidatos a vereador do PSDB,10600,152,19,12,183
2024-10-02,reta-final,contagem-regressiva,4 dias para votar 11,2900,86,2,3,91
2024-10-02,reta-final,coligacao,Candidatos a vereador do Progressistas,11600,151,5,10,166
2024-10-02,reta-final,coligacao,Candidatos a vereador do Republicanos,10900,146,11,15,172
2024-10-02,reta-final,evento,Caminhada bairro Santa Terezinha,11800,341,1,5,347
2024-10-03,reta-final,pesquisa,"Pesquisa: Hugo Luiz com 61,7% de intenção de voto",24400,533,46,76,655
2024-10-03,reta-final,contagem-regressiva,2 dias para votar 11,5400,147,9,5,161
2024-10-03,reta-final,contagem-regressiva,3 dias para votar 11,4600,85,4,5,94
2024-10-03,reta-final,proposta,Bom dia população (saúde),10600,196,16,51,263
2024-10-03,reta-final,evento,Bairro da Cachoeirinha,11100,315,5,5,325
2024-10-03,reta-final,midia,Matéria ES Agora: 67% acredita em vitória,15200,34,77,0,111
2024-10-04,reta-final,evento,Visitas Ipanema e Ouro Branco,14800,376,12,8,396
2024-10-04,reta-final,testemunho,Depoimento de Fabiana,9900,218,16,19,253
2024-10-04,reta-final,testemunho,Muito obrigado por cada abraço (véspera),31800,872,113,258,1243
2024-10-04,reta-final,proposta,"Para mudar, digite 11 (com deputado)",8300,173,3,9,185
2024-10-05,reta-final,marco,Nota de felicidade: amanhã é dia de mudar a história,17200,341,25,26,392
2024-10-05,reta-final,evento,Último vídeo da campanha,12500,291,3,9,303
2024-10-06,resultado,resultado,Muito obrigado pelos 5.779 votos,31000,1627,191,23,1841
2024-10-06,resultado,resultado,Celebração nas ruas (registro 2),41200,1218,106,158,1482
2024-10-06,resultado,resultado,"Parabéns, prefeito eleito!",12700,446,21,12,479
2024-10-06,resultado,resultado,Celebração nas ruas (registro 1),25000,922,62,19,1003
