Secao,Votos_2020,Total_2020,Votos_2024,Total_2024,Pct_2020,Pct_2024,Variacao_pp,Vencedor_2020,Vencedor_2024,Local_Votacao,Endereco,Virou
1,110.0,291.0,111,213,37.8,52.1,14.3,Fernando Videira Lafayette,Hugo Luiz Picoli Meneghel,EMEF ANA ARAÚJO,R. EXPEDICIONARIO OSVALDO SAUDINO,Virou para o grupo
2,131.0,309.0,126,232,42.4,54.3,11.9,Fernando Videira Lafayette,Hugo Luiz Picoli Meneghel,EMEF ANA ARAÚJO,R. EXPEDICIONARIO OSVALDO SAUDINO,Virou para o grupo
3,125.0,304.0,117,228,41.1,51.3,10.2,Fernando Videira Lafayette,Hugo Luiz Picoli Meneghel,EMEF ANA ARAÚJO,R. EXPEDICIONARIO OSVALDO SAUDINO,Virou para o grupo
4,123.0,301.0,128,222,40.9,57.7,16.8,Fernando Videira Lafayette,Hugo Luiz Picoli Meneghel,EMEF ANA ARAÚJO,R. EXPEDICIONARIO OSVALDO SAUDINO,Virou para o grupo
5,,,126,219,,57.5,,,Hugo Luiz Picoli Meneghel,EMEF ANA ARAÚJO,R. EXPEDICIONARIO OSVALDO SAUDINO,
6,86.0,201.0,106,194,42.8,54.6,11.8,Fernando Videira Lafayette,Hugo Luiz Picoli Meneghel,EEEFM CAMILA MOTA,"R. NELSON DA COSTA MELLO, S/ N",Virou para o grupo
7,127.0,302.0,138,241,42.1,57.3,15.2,Fernando Videira Lafayette,Hugo Luiz Picoli Meneghel,EEEFM CAMILA MOTA,"R. NELSON DA COSTA MELLO, S/ N",Virou para o grupo
8,100.0,220.0,111,204,45.5,54.4,8.9,Fernando Videira Lafayette,Hugo Luiz Picoli Meneghel,EEEFM CAMILA MOTA,"R. NELSON DA COSTA MELLO, S/ N",Virou para o grupo
9,142.0,244.0,191,264,58.2,72.3,14.1,Ronaldo Bianchi,Hugo Luiz Picoli Meneghel,EMEF FAZENDA APARECIDA,"R. PRINCIPAL, S/ Nº",Não virou
10,77.0,237.0,112,251,32.5,44.6,12.1,Fernando Videira Lafayette,Hugo Luiz Picoli Meneghel,EEEF DE CRUBIXÁ,"R. PRINCIPAL, S/ Nº",Não virou
11,79.0,229.0,116,259,34.5,44.8,10.3,Fernando Videira Lafayette,Hugo Luiz Picoli Meneghel,EEEF DE CRUBIXÁ,"R. PRINCIPAL, S/ Nº",Não virou
12,124.0,294.0,177,280,42.2,63.2,21.0,Fernando Videira Lafayette,Hugo Luiz Picoli Meneghel,EMEF ENGANO,"R. PRINCIPAL, S/N",Virou para o grupo
13,110.0,293.0,208,328,37.5,63.4,25.9,Fernando Videira Lafayette,Hugo Luiz Picoli Meneghel,EMEF ENGANO,"R. PRINCIPAL, S/N",Virou para o grupo
14,91.0,192.0,99,188,47.4,52.7,5.3,Fernando Videira Lafayette,Hugo Luiz Picoli Meneghel,SALÃO DA IGREJA CATÓLICA DE SÃO FRANCISCO DE BATATAL,"RUA PRINCIPAL, S/ N",Virou para o grupo
15,60.0,167.0,86,162,35.9,53.1,17.2,Fernando Videira Lafayette,Hugo Luiz Picoli Meneghel,SALÃO DA IGREJA DE SÃO MARTINHO,"R. PRINCIPAL, S/ N",Virou para o grupo
16,77.0,213.0,90,205,36.2,43.9,7.7,Fernando Videira Lafayette,Hugo Luiz Picoli Meneghel,PRÉDIO DA ANTIGA ESCOLA ALMERINDA BRUNORO,"R. PRINCIPAL, S/ N",Não virou
17,107.0,228.0,155,236,46.9,65.7,18.8,Fernando Videira Lafayette,Hugo Luiz Picoli Meneghel,EMEF FELIPE MODOLO,"R. PRINCIPAL, S/ N",Virou para o grupo
18,94.0,234.0,160,258,40.2,62.0,21.8,Fernando Videira Lafayette,Hugo Luiz Picoli Meneghel,EMEF FELIPE MODOLO,"R. PRINCIPAL, S/ N",Virou para o grupo
19,62.0,175.0,99,180,35.4,55.0,19.6,Fernando Videira Lafayette,Hugo Luiz Picoli Meneghel,SALÃO COMUNITÁRIO DE NOVA ESTRELA,"R. PRINCIPAL, S/ N",Virou para o grupo
20,109.0,288.0,170,298,37.8,57.0,19.2,Fernando Videira Lafayette,Hugo Luiz Picoli Meneghel,SALÃO DA IGREJA CATÓLICA DE CACHOEIRA ALTA,"R. PRINCIPAL, S/ N",Virou para o grupo
21,93.0,299.0,184,329,31.1,55.9,24.8,Fernando Videira Lafayette,Hugo Luiz Picoli Meneghel,EMUEF QUARTO TERRITÓRIO,"RUA PRINCIPAL, S/N",Virou para o grupo
22,87.0,275.0,182,314,31.6,58.0,26.4,Fernando Videira Lafayette,Hugo Luiz Picoli Meneghel,EMEF SAGRADA FAMÍLIA,"R. PRINCIPAL, S/ N",Virou para o grupo
23,99.0,302.0,165,287,32.8,57.5,24.7,Fernando Videira Lafayette,Hugo Luiz Picoli Meneghel,EMEF SAGRADA FAMÍLIA,"R. PRINCIPAL, S/ N",Virou para o grupo
24,101.0,227.0,176,256,44.5,68.8,24.3,Fernando Videira Lafayette,Hugo Luiz Picoli Meneghel,SALÃO COMUNITÁRIO DE SÃO BENTO DE URÂNIA,"R. PRINCIPAL, S/ N",Virou para o grupo
25,83.0,299.0,136,282,27.8,48.2,20.4,Fernando Videira Lafayette,Hugo Luiz Picoli Meneghel,EMEF FELIPE MODOLO,"R. PRINCIPAL, S/ N",Não virou
26,67.0,153.0,110,170,43.8,64.7,20.9,Fernando Videira Lafayette,Hugo Luiz Picoli Meneghel,EEUEF VILA NOVA DE MARAVILHA,"R. PRINCIPAL, S/ Nº",Virou para o grupo
27,140.0,309.0,141,253,45.3,55.7,10.4,Fernando Videira Lafayette,Hugo Luiz Picoli Meneghel,EEEFM CAMILA MOTA,"R. NELSON DA COSTA MELLO, S/ N",Virou para o grupo
28,76.0,191.0,111,199,39.8,55.8,16.0,Fernando Videira Lafayette,Hugo Luiz Picoli Meneghel,SALÃO DA IGREJA DE SÃO MARTINHO,"R. PRINCIPAL, S/ N",Virou para o grupo
29,117.0,269.0,179,281,43.5,63.7,20.2,Fernando Videira Lafayette,Hugo Luiz Picoli Meneghel,SALÃO COMUNITÁRIO DE SÃO BENTO DE URÂNIA,"R. PRINCIPAL, S/ N",Virou para o grupo
30,115.0,302.0,140,255,38.1,54.9,16.8,Fernando Videira Lafayette,Hugo Luiz Picoli Meneghel,EEEFM CAMILA MOTA,"R. NELSON DA COSTA MELLO, S/ N",Virou para o grupo
31,120.0,303.0,154,258,39.6,59.7,20.1,Fernando Videira Lafayette,Hugo Luiz Picoli Meneghel,EEEFM CAMILA MOTA,"R. NELSON DA COSTA MELLO, S/ N",Virou para o grupo
33,,,141,251,,56.2,,,Hugo Luiz Picoli Meneghel,EEEFM CAMILA MOTA,"R. NELSON DA COSTA MELLO, S/ N",
34,132.0,297.0,153,257,44.4,59.5,15.1,Fernando Videira Lafayette,Hugo Luiz Picoli Meneghel,EEEFM CAMILA MOTA,"R. NELSON DA COSTA MELLO, S/ N",Virou para o grupo
35,141.0,304.0,131,252,46.4,52.0,5.6,Fernando Videira Lafayette,Hugo Luiz Picoli Meneghel,EEEFM CAMILA MOTA,"R. NELSON DA COSTA MELLO, S/ N",Virou para o grupo
37,89.0,205.0,155,271,43.4,57.2,13.8,Fernando Videira Lafayette,Hugo Luiz Picoli Meneghel,CRECHE COMECINHO DE GENTE,"AV. DARCY DE PAULA GAIGHER, S/N",Virou para o grupo
38,,,169,265,,63.8,,,Hugo Luiz Picoli Meneghel,CRECHE PEQUERRUCHOS,"RUA ANTÔNIO CLAUDIO GAIGHER, 19",
39,,,179,262,,68.3,,,Hugo Luiz Picoli Meneghel,CRECHE PEQUERRUCHOS,"RUA ANTÔNIO CLAUDIO GAIGHER, 19",
40,115.0,264.0,155,231,43.6,67.1,23.5,Fernando Videira Lafayette,Hugo Luiz Picoli Meneghel,SALÃO PAROQUIAL DA IGREJA DE NOSSA SENHORA DA CONCEIÇÃO,"AV. GETULIO VARGAS, 545",Virou para o grupo
41,96.0,237.0,138,229,40.5,60.3,19.8,Fernando Videira Lafayette,Hugo Luiz Picoli Meneghel,SALÃO PAROQUIAL DA IGREJA DE NOSSA SENHORA DA CONCEIÇÃO,"AV. GETULIO VARGAS, 545",Virou para o grupo
85,76.0,255.0,155,245,29.8,63.3,33.5,Fernando Videira Lafayette,Hugo Luiz Picoli Meneghel,CRECHE PEQUERRUCHOS,"RUA ANTÔNIO CLAUDIO GAIGHER, 19",Virou para o grupo
96,,,56,71,,78.9,,,Hugo Luiz Picoli Meneghel,SALÃO COMUNITÁRIO DE SÃO BENTO DE URÂNIA,"R. PRINCIPAL, S/ N",
98,,,43,75,,57.3,,,Hugo Luiz Picoli Meneghel,EMEF FELIPE MODOLO,"R. PRINCIPAL, S/ N",
